Wall time,Step,Value
1493802607.160591,99999,0.0002500000118743628
1493803169.892319,149999,0.0002500000118743628
1493803745.39052,199999,0.0002500000118743628
1493804321.067193,249999,0.0002500000118743628
1493804893.237722,299999,0.0002500000118743628
1493805469.059195,349999,0.0002500000118743628
1493806048.927892,399999,0.0002500000118743628
1493806632.218355,449999,0.0002500000118743628
1493807218.78489,499999,0.0002500000118743628
1493807808.660068,549999,0.0002500000118743628
1493808401.584081,599999,0.0002500000118743628
1493808998.348373,649999,0.0002500000118743628
1493809598.309794,699999,0.0002500000118743628
1493810200.908055,749999,0.0002500000118743628
1493810805.968844,799999,0.0002500000118743628
1493811413.207639,849999,0.0002500000118743628
1493812021.948894,899999,0.0002500000118743628
1493812631.441367,949999,0.0002500000118743628
1493813242.673186,999999,0.0002500000118743628
1493813856.569452,1049999,0.0002500000118743628
1493814471.536285,1099999,0.0002500000118743628
1493815086.597357,1149999,0.0002500000118743628
1493815701.471864,1199999,0.0002500000118743628
1493816316.077065,1249999,0.0002500000118743628
1493816930.559142,1299999,0.0002500000118743628
1493817545.435399,1349999,0.0002500000118743628
1493818160.015159,1399999,0.0002500000118743628
1493818774.78737,1449999,0.0002500000118743628
1493819389.496238,1499999,0.0002500000118743628
1493820004.212234,1549999,0.0002500000118743628
1493820626.175292,1599999,0.0002500000118743628
1493821255.437146,1649999,0.0002500000118743628
1493821884.785517,1699999,0.0002500000118743628
1493822541.134227,1749999,0.0002500000118743628
1493823211.526816,1799999,0.0002500000118743628
1493823881.873144,1849999,0.0002500000118743628
1493824551.241598,1899999,0.0002500000118743628
1493825221.00967,1949999,0.0002500000118743628
1493825903.730268,1999999,0.0002500000118743628
1493826593.028158,2049999,0.0002500000118743628
1493827282.725305,2099999,0.0002500000118743628
1493827971.941901,2149999,0.0002500000118743628
1493828661.217116,2199999,0.0002500000118743628
1493829350.796364,2249999,0.0002500000118743628
1493830040.776779,2299999,0.0002500000118743628
1493830731.175222,2349999,0.0002500000118743628
1493831421.485174,2399999,0.0002500000118743628
1493832111.128557,2449999,0.0002500000118743628
1493832801.599981,2499999,0.0002500000118743628
1493833493.039113,2549999,0.0002500000118743628
1493834183.545194,2599999,0.0002500000118743628
1493834873.830153,2649999,0.0002500000118743628
1493835564.325108,2699999,0.0002500000118743628
1493836254.869449,2749999,0.0002500000118743628
1493836947.106656,2799999,0.0002500000118743628
1493837637.444355,2849999,0.0002500000118743628
1493838327.591187,2899999,0.0002500000118743628
1493839017.9621,2949999,0.0002500000118743628
1493839707.580363,2999999,0.0002500000118743628
1493840397.843747,3049999,0.0002500000118743628
1493841089.430143,3099999,0.0002500000118743628
1493841780.090774,3149999,0.0002500000118743628
1493842469.750221,3199999,0.0002500000118743628
1493843154.38406,3249999,0.0002500000118743628
1493843825.541595,3299999,0.0002500000118743628
1493844496.294989,3349999,0.0002500000118743628
1493845159.314833,3399999,0.0002500000118743628
1493845790.607732,3449999,0.0002500000118743628
1493846420.179091,3499999,0.0002500000118743628
1493847048.790854,3549999,0.0002500000118743628
1493847677.710413,3599999,0.0002500000118743628
1493848297.691449,3649999,0.0002500000118743628
1493848911.949116,3699999,0.0002500000118743628
1493849526.057095,3749999,0.0002500000118743628
1493850140.160844,3799999,0.0002500000118743628
1493850754.385747,3849999,0.0002500000118743628
1493851367.936971,3899999,0.0002500000118743628
1493851981.89955,3949999,0.0002500000118743628
1493852595.717571,3999999,0.0002500000118743628
1493853208.806191,4049999,0.0002500000118743628
1493853822.45904,4099999,0.0002500000118743628
1493854436.298686,4149999,0.0002500000118743628
1493855050.197489,4199999,0.0002500000118743628
1493855664.070155,4249999,0.0002500000118743628
1493856278.042238,4299999,0.0002500000118743628
1493856891.849035,4349999,0.0002500000118743628
1493857505.7148,4399999,0.0002500000118743628
1493858119.588483,4449999,0.0002500000118743628
1493858733.141727,4499999,0.0002500000118743628
1493859347.282103,4549999,0.0002500000118743628
1493859961.04207,4599999,0.0002500000118743628
1493860574.639251,4649999,0.0002500000118743628
1493861188.546845,4699999,0.0002500000118743628
1493861802.346359,4749999,0.0002500000118743628
1493862415.92451,4799999,0.0002500000118743628
1493863029.458606,4849999,0.0002500000118743628
1493863643.329077,4899999,0.0002500000118743628
1493864256.910541,4949999,0.0002500000118743628
1493864870.556239,4999999,0.0002500000118743628
1493865484.116861,5049999,0.0002500000118743628
1493866097.751222,5099999,0.0002500000118743628
1493866711.379777,5149999,0.0002500000118743628
1493867325.165649,5199999,0.0002500000118743628
1493867939.108881,5249999,0.0002500000118743628
1493868553.490137,5299999,0.0002500000118743628
1493869167.27899,5349999,0.0002500000118743628
1493869781.042055,5399999,0.0002500000118743628
1493870394.801326,5449999,0.0002500000118743628
1493871008.421464,5499999,0.0002500000118743628
1493871622.528845,5549999,0.0002500000118743628
1493872236.410961,5599999,0.0002500000118743628
1493872850.100436,5649999,0.0002500000118743628
1493873464.359176,5699999,0.0002500000118743628
1493874078.411236,5749999,0.0002500000118743628
1493874692.179075,5799999,0.0002500000118743628
1493875305.589343,5849999,0.0002500000118743628
1493875919.464805,5899999,0.0002500000118743628
1493876533.526749,5949999,0.0002500000118743628
1493877147.278719,5999999,0.0002500000118743628
1493877760.753676,6049999,0.0002500000118743628
1493878374.651736,6099999,0.0002500000118743628
1493878988.468495,6149999,0.0002500000118743628
1493879602.136282,6199999,0.0002500000118743628
1493880215.508199,6249999,0.0002500000118743628
1493880829.190164,6299999,0.0002500000118743628
1493881442.846254,6349999,0.0002500000118743628
1493882056.097745,6399999,0.0002500000118743628
1493882670.789338,6449999,0.0002500000118743628
1493883284.205826,6499999,0.0002500000118743628
1493883897.993361,6549999,0.0002500000118743628
1493884511.716526,6599999,0.0002500000118743628
1493885125.58533,6649999,0.0002500000118743628
1493885739.284459,6699999,0.0002500000118743628
1493886352.753704,6749999,0.0002500000118743628
1493886966.639388,6799999,0.0002500000118743628
1493887580.566807,6849999,0.0002500000118743628
1493888194.328014,6899999,0.0002500000118743628
1493888808.044774,6949999,0.0002500000118743628
1493889421.925824,6999999,0.0002500000118743628
1493890035.285512,7049999,0.0002500000118743628
1493890648.979267,7099999,0.0002500000118743628
1493891262.605396,7149999,0.0002500000118743628
1493891876.395177,7199999,0.0002500000118743628
1493892490.086035,7249999,0.0002500000118743628
1493893103.947322,7299999,0.0002500000118743628
1493893717.76785,7349999,0.0002500000118743628
1493894331.163795,7399999,0.0002500000118743628
1493894944.817438,7449999,0.0002500000118743628
1493895558.500793,7499999,0.0002500000118743628
1493896174.665227,7549999,0.0002500000118743628
1493896788.424598,7599999,0.0002500000118743628
1493897402.223947,7649999,0.0002500000118743628
1493898015.468413,7699999,0.0002500000118743628
1493898629.097037,7749999,0.0002500000118743628
1493899244.020499,7799999,0.0002500000118743628
1493899858.011545,7849999,0.0002500000118743628
1493900472.208071,7899999,0.0002500000118743628
1493901086.450868,7949999,0.0002500000118743628
1493901700.950893,7999999,0.0002500000118743628
1493902315.070675,8049999,0.0002500000118743628
1493902929.112062,8099999,0.0002500000118743628
1493903543.191219,8149999,0.0002500000118743628
1493904157.221898,8199999,0.0002500000118743628
1493904770.95808,8249999,0.0002500000118743628
1493905384.877089,8299999,0.0002500000118743628
1493906000.435382,8349999,0.0002500000118743628
1493906614.370575,8399999,0.0002500000118743628
1493907228.027744,8449999,0.0002500000118743628
1493907841.8623,8499999,0.0002500000118743628
1493908455.471388,8549999,0.0002500000118743628
1493909070.193831,8599999,0.0002500000118743628
1493909683.969944,8649999,0.0002500000118743628
1493910297.933932,8699999,0.0002500000118743628
1493910912.189801,8749999,0.0002500000118743628
1493911528.533042,8799999,0.0002500000118743628
1493912142.60278,8849999,0.0002500000118743628
1493912757.100756,8899999,0.0002500000118743628
1493913371.019517,8949999,0.0002500000118743628
1493913984.766685,8999999,0.0002500000118743628
1493914599.029548,9049999,0.0002500000118743628
1493915213.160926,9099999,0.0002500000118743628
1493915849.216317,9149999,0.0002500000118743628
1493916461.453079,9199999,0.0002500000118743628
1493917073.980682,9249999,0.0002500000118743628
1493917687.203793,9299999,0.0002500000118743628
1493918299.798511,9349999,0.0002500000118743628
1493918912.058277,9399999,0.0002500000118743628
1493919524.779642,9449999,0.0002500000118743628
1493920137.700581,9499999,0.0002500000118743628
1493920774.758473,9549999,0.0002500000118743628
1493921424.599016,9599999,0.0002500000118743628
1493922074.427681,9649999,0.0002500000118743628
1493922725.251444,9699999,0.0002500000118743628
1493923381.712295,9749999,0.0002500000118743628
1493924033.180002,9799999,0.0002500000118743628
1493924681.734069,9849999,0.0002500000118743628
1493925311.580609,9899999,0.0002500000118743628
1493925957.830601,9949999,0.0002500000118743628
1493926599.980144,9999999,0.0002500000118743628
1493927230.470767,10049999,0.0002500000118743628
1493927859.25451,10099999,0.0002500000118743628
1493928499.430988,10149999,0.0002500000118743628
1493929147.544345,10199999,0.0002500000118743628
1493929791.099133,10249999,0.0002500000118743628
1493930439.18128,10299999,0.0002500000118743628
1493931080.407544,10349999,0.0002500000118743628
1493931726.547235,10399999,0.0002500000118743628
1493932369.492727,10449999,0.0002500000118743628
1493933011.803199,10499999,0.0002500000118743628
1493933652.480477,10549999,0.0002500000118743628
1493934293.026859,10599999,0.0002500000118743628
1493934934.793635,10649999,0.0002500000118743628
1493935577.713625,10699999,0.0002500000118743628
1493936221.521039,10749999,0.0002500000118743628
1493936876.181264,10799999,0.0002500000118743628
1493937530.349657,10849999,0.0002500000118743628
1493938186.833148,10899999,0.0002500000118743628
1493938865.193919,10949999,0.0002500000118743628
1493939543.37441,10999999,0.0002500000118743628
1493940225.382296,11049999,0.0002500000118743628
1493940911.745075,11099999,0.0002500000118743628
1493941600.496149,11149999,0.0002500000118743628
1493942289.279331,11199999,0.0002500000118743628
1493942978.622164,11249999,0.0002500000118743628
1493943668.160726,11299999,0.0002500000118743628
1493944359.499047,11349999,0.0002500000118743628
1493945050.245348,11399999,0.0002500000118743628
1493945739.71708,11449999,0.0002500000118743628
1493946431.331679,11499999,0.0002500000118743628
1493947127.777073,11549999,0.0002500000118743628
1493947810.844728,11599999,0.0002500000118743628
1493948482.894687,11649999,0.0002500000118743628
1493949156.329595,11699999,0.0002500000118743628
1493949830.119211,11749999,0.0002500000118743628
1493950503.397948,11799999,0.0002500000118743628
1493951157.580296,11849999,0.0002500000118743628
1493951810.427063,11899999,0.0002500000118743628
1493952460.814782,11949999,0.0002500000118743628
1493953110.401249,11999999,0.0002500000118743628
1493953758.350866,12049999,0.0002500000118743628
1493954409.098172,12099999,0.0002500000118743628
1493955057.097915,12149999,0.0002500000118743628
1493955679.195392,12199999,0.0002500000118743628
1493956295.370054,12249999,0.0002500000118743628
1493956912.110202,12299999,0.0002500000118743628
1493957529.499389,12349999,0.0002500000118743628
1493958146.160311,12399999,0.0002500000118743628
1493958763.13272,12449999,0.0002500000118743628
1493959379.342271,12499999,0.0002500000118743628
1493959996.990769,12549999,0.0002500000118743628
1493960613.669583,12599999,0.0002500000118743628
1493961230.397975,12649999,0.0002500000118743628
1493961846.778014,12699999,0.0002500000118743628
1493962463.828355,12749999,0.0002500000118743628
1493963080.50722,12799999,0.0002500000118743628
1493963696.941733,12849999,0.0002500000118743628
1493964314.539986,12899999,0.0002500000118743628
1493964929.376893,12949999,0.0002500000118743628
1493965546.956008,12999999,0.0002500000118743628
1493966162.542011,13049999,0.0002500000118743628
1493966779.047253,13099999,0.0002500000118743628
1493967395.874888,13149999,0.0002500000118743628
1493968012.268138,13199999,0.0002500000118743628
1493968628.8817,13249999,0.0002500000118743628
1493969244.889226,13299999,0.0002500000118743628
1493969860.538463,13349999,0.0002500000118743628
1493970478.795803,13399999,0.0002500000118743628
1493971094.658673,13449999,0.0002500000118743628
1493971711.348928,13499999,0.0002500000118743628
1493972328.042068,13549999,0.0002500000118743628
1493972944.970112,13599999,0.0002500000118743628
1493973567.918602,13649999,0.0002500000118743628
1493974191.204243,13699999,0.0002500000118743628
1493974814.716448,13749999,0.0002500000118743628
1493975438.071679,13799999,0.0002500000118743628
1493976058.29782,13849999,0.0002500000118743628
1493976683.712336,13899999,0.0002500000118743628
1493977305.11481,13949999,0.0002500000118743628
1493977926.49459,13999999,0.0002500000118743628
1493978549.789173,14049999,0.0002500000118743628
1493979172.559332,14099999,0.0002500000118743628
1493979797.141538,14149999,0.0002500000118743628
1493980421.953839,14199999,0.0002500000118743628
1493981040.389283,14249999,0.0002500000118743628
1493981661.96949,14299999,0.0002500000118743628
1493982284.134386,14349999,0.0002500000118743628
1493982905.176123,14399999,0.0002500000118743628
1493983531.093557,14449999,0.0002500000118743628
1493984154.197296,14499999,0.0002500000118743628
1493984779.674134,14549999,0.0002500000118743628
1493985402.542854,14599999,0.0002500000118743628
1493986027.792076,14649999,0.0002500000118743628
1493986650.782005,14699999,0.0002500000118743628
1493987275.498013,14749999,0.0002500000118743628
1493987892.32377,14799999,0.0002500000118743628
1493988509.389921,14849999,0.0002500000118743628
1493989125.919883,14899999,0.0002500000118743628
1493989742.254422,14949999,0.0002500000118743628
1493990359.213811,14999999,0.0002500000118743628
1493990976.135,15049999,0.0002500000118743628
1493991592.818658,15099999,0.0002500000118743628
1493992209.011026,15149999,0.0002500000118743628
1493992826.547107,15199999,0.0002500000118743628
1493993443.078119,15249999,0.0002500000118743628
1493994059.748087,15299999,0.0002500000118743628
1493994676.629364,15349999,0.0002500000118743628
1493995293.790487,15399999,0.0002500000118743628
1493995910.500189,15449999,0.0002500000118743628
1493996528.96537,15499999,0.0002500000118743628
1493997145.885559,15549999,0.0002500000118743628
1493997762.970538,15599999,0.0002500000118743628
1493998378.646336,15649999,0.0002500000118743628
1493998994.771659,15699999,0.0002500000118743628
1493999611.278007,15749999,0.0002500000118743628
1494000229.676764,15799999,0.0002500000118743628
1494000848.673608,15849999,0.0002500000118743628
1494001468.086869,15899999,0.0002500000118743628
1494002083.715949,15949999,0.0002500000118743628
1494002700.501573,15999999,0.0002500000118743628
1494003316.938869,16049999,0.0002500000118743628
1494003932.767345,16099999,0.0002500000118743628
1494004549.120986,16149999,0.0002500000118743628
1494005166.95952,16199999,0.0002500000118743628
1494005783.128856,16249999,0.0002500000118743628
1494006400.100149,16299999,0.0002500000118743628
1494007017.415953,16349999,0.0002500000118743628
1494007634.00488,16399999,0.0002500000118743628
1494008250.161199,16449999,0.0002500000118743628
1494008867.91804,16499999,0.0002500000118743628
1494009485.03562,16549999,0.0002500000118743628
1494010109.285727,16599999,0.0002500000118743628
1494010734.799883,16649999,0.0002500000118743628
1494011360.330235,16699999,0.0002500000118743628
1494011987.197551,16749999,0.0002500000118743628
1494012612.820649,16799999,0.0002500000118743628
1494013238.294443,16849999,0.0002500000118743628
1494013861.474219,16899999,0.0002500000118743628
1494014484.167002,16949999,0.0002500000118743628
1494015107.92219,16999999,0.0002500000118743628
1494015730.928251,17049999,0.0002500000118743628
1494016354.901351,17099999,0.0002500000118743628
1494016978.618153,17149999,0.0002500000118743628
1494017602.247789,17199999,0.0002500000118743628
1494018226.906179,17249999,0.0002500000118743628
1494018859.053887,17299999,0.0002500000118743628
1494019492.290957,17349999,0.0002500000118743628
1494020127.988749,17399999,0.0002500000118743628
1494020762.496156,17449999,0.0002500000118743628
1494021398.540758,17499999,0.0002500000118743628
1494022034.4757,17549999,0.0002500000118743628
1494022672.096031,17599999,0.0002500000118743628
1494023313.058933,17649999,0.0002500000118743628
1494023953.851881,17699999,0.0002500000118743628
1494024594.74081,17749999,0.0002500000118743628
1494025235.871728,17799999,0.0002500000118743628
1494025876.388048,17849999,0.0002500000118743628
1494026517.679759,17899999,0.0002500000118743628
1494027158.244892,17949999,0.0002500000118743628
1494027798.978502,17999999,0.0002500000118743628
1494028439.72613,18049999,0.0002500000118743628
1494029080.526807,18099999,0.0002500000118743628
1494029721.681903,18149999,0.0002500000118743628
1494030362.298855,18199999,0.0002500000118743628
1494031001.529246,18249999,0.0002500000118743628
1494031653.461691,18299999,0.0002500000118743628
1494032303.818506,18349999,0.0002500000118743628
1494032951.744169,18399999,0.0002500000118743628
1494033595.205564,18449999,0.0002500000118743628
1494034240.069753,18499999,0.0002500000118743628
1494034898.990364,18549999,0.0002500000118743628
1494035541.576308,18599999,0.0002500000118743628
1494036186.381543,18649999,0.0002500000118743628
1494036827.871405,18699999,0.0002500000118743628
1494037476.256346,18749999,0.0002500000118743628
1494038129.111851,18799999,0.0002500000118743628
1494038773.607745,18849999,0.0002500000118743628
1494039415.330001,18899999,0.0002500000118743628
1494040056.935038,18949999,0.0002500000118743628
1494040712.679576,18999999,0.0002500000118743628
1494041355.874714,19049999,0.0002500000118743628
1494041999.647274,19099999,0.0002500000118743628
1494042642.309894,19149999,0.0002500000118743628
1494043296.577034,19199999,0.0002500000118743628
1494043941.235737,19249999,0.0002500000118743628
1494044583.244987,19299999,0.0002500000118743628
1494045234.20609,19349999,0.0002500000118743628
1494045878.648141,19399999,0.0002500000118743628
1494046527.324481,19449999,0.0002500000118743628
1494047174.940586,19499999,0.0002500000118743628
1494047819.950782,19549999,0.0002500000118743628
1494048460.864789,19599999,0.0002500000118743628
1494049098.357862,19649999,0.0002500000118743628
1494049736.714236,19699999,0.0002500000118743628
1494050373.511395,19749999,0.0002500000118743628
1494051014.518013,19799999,0.0002500000118743628
1494051654.060302,19849999,0.0002500000118743628
1494052293.675244,19899999,0.0002500000118743628
1494052933.409932,19949999,0.0002500000118743628
1494053573.169322,19999999,0.0002500000118743628
1494054212.591883,20049999,0.0002500000118743628
1494054851.840828,20099999,0.0002500000118743628
1494055489.12287,20149999,0.0002500000118743628
1494056126.424591,20199999,0.0002500000118743628
1494056765.009302,20249999,0.0002500000118743628
1494057402.868274,20299999,0.0002500000118743628
1494058040.87133,20349999,0.0002500000118743628
1494058678.030361,20399999,0.0002500000118743628
1494059315.162204,20449999,0.0002500000118743628
1494059953.003351,20499999,0.0002500000118743628
1494060587.619879,20549999,0.0002500000118743628
1494061226.050408,20599999,0.0002500000118743628
1494061861.723356,20649999,0.0002500000118743628
1494062497.734768,20699999,0.0002500000118743628
1494063134.547314,20749999,0.0002500000118743628
1494063770.029089,20799999,0.0002500000118743628
1494064407.931208,20849999,0.0002500000118743628
1494065045.23651,20899999,0.0002500000118743628
1494065681.627019,20949999,0.0002500000118743628
1494066319.511991,20999999,0.0002500000118743628
1494066954.306264,21049999,0.0002500000118743628
1494067591.269877,21099999,0.0002500000118743628
1494068228.202219,21149999,0.0002500000118743628
1494068863.725453,21199999,0.0002500000118743628
1494069498.963714,21249999,0.0002500000118743628
1494070135.507258,21299999,0.0002500000118743628
1494070769.616634,21349999,0.0002500000118743628
1494071410.153767,21399999,0.0002500000118743628
1494072045.609387,21449999,0.0002500000118743628
1494072681.771331,21499999,0.0002500000118743628
1494073316.960564,21549999,0.0002500000118743628
1494073952.947489,21599999,0.0002500000118743628
1494074589.727357,21649999,0.0002500000118743628
1494075227.134423,21699999,0.0002500000118743628
1494075863.110076,21749999,0.0002500000118743628
1494076479.410213,21799999,0.0002500000118743628
1494077090.15644,21849999,0.0002500000118743628
1494077700.17678,21899999,0.0002500000118743628
1494078311.198852,21949999,0.0002500000118743628
1494078924.348251,21999999,0.0002500000118743628
1494079537.080054,22049999,0.0002500000118743628
1494080149.738126,22099999,0.0002500000118743628
1494080762.295562,22149999,0.0002500000118743628
1494081376.720869,22199999,0.0002500000118743628
1494081988.744751,22249999,0.0002500000118743628
1494082602.354386,22299999,0.0002500000118743628
1494083214.02322,22349999,0.0002500000118743628
1494083825.990233,22399999,0.0002500000118743628
1494084436.756752,22449999,0.0002500000118743628
1494085049.356901,22499999,0.0002500000118743628
1494085660.866273,22549999,0.0002500000118743628
1494086271.655933,22599999,0.0002500000118743628
1494086884.297342,22649999,0.0002500000118743628
1494087495.385351,22699999,0.0002500000118743628
1494088106.436963,22749999,0.0002500000118743628
1494088716.919229,22799999,0.0002500000118743628
1494089328.660671,22849999,0.0002500000118743628
1494089940.539246,22899999,0.0002500000118743628
1494090552.175318,22949999,0.0002500000118743628
1494091164.329245,22999999,0.0002500000118743628
1494091775.361937,23049999,0.0002500000118743628
1494092386.345549,23099999,0.0002500000118743628
1494092996.440815,23149999,0.0002500000118743628
1494093607.045199,23199999,0.0002500000118743628
1494094217.465515,23249999,0.0002500000118743628
1494094829.346423,23299999,0.0002500000118743628
1494095441.006367,23349999,0.0002500000118743628
1494096051.794538,23399999,0.0002500000118743628
1494096663.648269,23449999,0.0002500000118743628
1494097275.6837,23499999,0.0002500000118743628
1494097885.634383,23549999,0.0002500000118743628
1494098496.287731,23599999,0.0002500000118743628
1494099106.249398,23649999,0.0002500000118743628
1494099717.648456,23699999,0.0002500000118743628
1494100328.110434,23749999,0.0002500000118743628
1494100940.539274,23799999,0.0002500000118743628
1494101550.039954,23849999,0.0002500000118743628
1494102161.990143,23899999,0.0002500000118743628
1494102771.841204,23949999,0.0002500000118743628
1494103382.410919,23999999,0.0002500000118743628
1494103993.788765,24049999,0.0002500000118743628
1494104604.396769,24099999,0.0002500000118743628
1494105214.624735,24149999,0.0002500000118743628
1494105824.738083,24199999,0.0002500000118743628
1494106433.61993,24249999,0.0002500000118743628
1494107046.871122,24299999,0.0002500000118743628
1494107656.799948,24349999,0.0002500000118743628
1494108267.795091,24399999,0.0002500000118743628
1494108878.3316,24449999,0.0002500000118743628
1494109489.172047,24499999,0.0002500000118743628
1494110100.540026,24549999,0.0002500000118743628
1494110712.146174,24599999,0.0002500000118743628
1494111322.406533,24649999,0.0002500000118743628
1494111935.544308,24699999,0.0002500000118743628
1494112544.087591,24749999,0.0002500000118743628
1494113154.089291,24799999,0.0002500000118743628
1494113765.081507,24849999,0.0002500000118743628
1494114375.2818,24899999,0.0002500000118743628
1494114986.75157,24949999,0.0002500000118743628
1494115598.268616,24999999,0.0002500000118743628
1494116208.227907,25049999,0.0002500000118743628
1494116822.571326,25099999,0.0002500000118743628
1494117434.115899,25149999,0.0002500000118743628
1494118046.069951,25199999,0.0002500000118743628
1494118656.105688,25249999,0.0002500000118743628
1494119268.516332,25299999,0.0002500000118743628
1494119878.968973,25349999,0.0002500000118743628
1494120490.570234,25399999,0.0002500000118743628
1494121102.936273,25449999,0.0002500000118743628
1494121714.158242,25499999,0.0002500000118743628
1494122325.321329,25549999,0.0002500000118743628
1494122937.304547,25599999,0.0002500000118743628
1494123548.715732,25649999,0.0002500000118743628
1494124161.744203,25699999,0.0002500000118743628
1494124773.104996,25749999,0.0002500000118743628
1494125384.988384,25799999,0.0002500000118743628
1494125998.759227,25849999,0.0002500000118743628
1494126610.563096,25899999,0.0002500000118743628
1494127220.986836,25949999,0.0002500000118743628
1494127832.491915,25999999,0.0002500000118743628
1494128446.474368,26049999,0.0002500000118743628
1494129083.763757,26099999,0.0002500000118743628
1494129722.959412,26149999,0.0002500000118743628
1494130360.481622,26199999,0.0002500000118743628
1494131001.673998,26249999,0.0002500000118743628
1494131639.280936,26299999,0.0002500000118743628
1494132277.093302,26349999,0.0002500000118743628
1494132915.195923,26399999,0.0002500000118743628
1494133554.613128,26449999,0.0002500000118743628
1494134191.801546,26499999,0.0002500000118743628
1494134829.6897,26549999,0.0002500000118743628
1494135468.194044,26599999,0.0002500000118743628
1494136107.768953,26649999,0.0002500000118743628
1494136746.795784,26699999,0.0002500000118743628
1494137386.541705,26749999,0.0002500000118743628
1494138023.205216,26799999,0.0002500000118743628
1494138659.929794,26849999,0.0002500000118743628
1494139296.864285,26899999,0.0002500000118743628
1494139934.572087,26949999,0.0002500000118743628
1494140571.772165,26999999,0.0002500000118743628
1494141207.924061,27049999,0.0002500000118743628
1494141846.891763,27099999,0.0002500000118743628
1494142483.528311,27149999,0.0002500000118743628
1494143120.613806,27199999,0.0002500000118743628
1494143759.559402,27249999,0.0002500000118743628
1494144397.098128,27299999,0.0002500000118743628
1494145034.044164,27349999,0.0002500000118743628
1494145673.08778,27399999,0.0002500000118743628
1494146310.599938,27449999,0.0002500000118743628
1494146948.594066,27499999,0.0002500000118743628
1494147587.547383,27549999,0.0002500000118743628
1494148224.8586,27599999,0.0002500000118743628
1494148861.9354,27649999,0.0002500000118743628
1494149501.435972,27699999,0.0002500000118743628
1494150139.826281,27749999,0.0002500000118743628
1494150777.485292,27799999,0.0002500000118743628
1494151415.029826,27849999,0.0002500000118743628
1494152054.27612,27899999,0.0002500000118743628
1494152690.637563,27949999,0.0002500000118743628
1494153327.945896,27999999,0.0002500000118743628
1494153965.044156,28049999,0.0002500000118743628
1494154601.858774,28099999,0.0002500000118743628
1494155239.086848,28149999,0.0002500000118743628
1494155877.29925,28199999,0.0002500000118743628
1494156516.387937,28249999,0.0002500000118743628
1494157155.694339,28299999,0.0002500000118743628
1494157793.570685,28349999,0.0002500000118743628
1494158433.690851,28399999,0.0002500000118743628
1494159073.168153,28449999,0.0002500000118743628
1494159710.059699,28499999,0.0002500000118743628
1494160350.372968,28549999,0.0002500000118743628
1494160988.62726,28599999,0.0002500000118743628
1494161627.513701,28649999,0.0002500000118743628
1494162265.406498,28699999,0.0002500000118743628
1494162904.114262,28749999,0.0002500000118743628
1494163543.400335,28799999,0.0002500000118743628
1494164155.396457,28849999,0.0002500000118743628
1494164763.591054,28899999,0.0002500000118743628
1494165372.501221,28949999,0.0002500000118743628
1494165981.966373,28999999,0.0002500000118743628
1494166594.314632,29049999,0.0002500000118743628
1494167205.64478,29099999,0.0002500000118743628
1494167815.344909,29149999,0.0002500000118743628
1494168428.737941,29199999,0.0002500000118743628
1494169039.917621,29249999,0.0002500000118743628
1494169654.119988,29299999,0.0002500000118743628
1494170286.745381,29349999,0.0002500000118743628
1494170895.62615,29399999,0.0002500000118743628
1494171504.595369,29449999,0.0002500000118743628
1494172116.798445,29499999,0.0002500000118743628
1494172735.500839,29549999,0.0002500000118743628
1494173345.451949,29599999,0.0002500000118743628
1494173955.550158,29649999,0.0002500000118743628
1494174566.612748,29699999,0.0002500000118743628
1494175177.49002,29749999,0.0002500000118743628
1494175807.551782,29799999,0.0002500000118743628
1494176448.119728,29849999,0.0002500000118743628
1494177086.254301,29899999,0.0002500000118743628
1494177726.439365,29949999,0.0002500000118743628
1494178363.90895,29999999,0.0002500000118743628
1494179004.401001,30049999,0.0002500000118743628
1494179642.799127,30099999,0.0002500000118743628
1494180281.600065,30149999,0.0002500000118743628
1494180920.947111,30199999,0.0002500000118743628
1494181559.80721,30249999,0.0002500000118743628
1494182198.291029,30299999,0.0002500000118743628
1494182836.397364,30349999,0.0002500000118743628
1494183476.600394,30399999,0.0002500000118743628
1494184114.653118,30449999,0.0002500000118743628
1494184754.051141,30499999,0.0002500000118743628
1494185391.057111,30549999,0.0002500000118743628
1494186028.409474,30599999,0.0002500000118743628
1494186667.386796,30649999,0.0002500000118743628
1494187305.62713,30699999,0.0002500000118743628
1494187946.26783,30749999,0.0002500000118743628
1494188583.333698,30799999,0.0002500000118743628
1494189220.177245,30849999,0.0002500000118743628
1494189859.57976,30899999,0.0002500000118743628
1494190487.387269,30949999,0.0002500000118743628
1494191090.598102,30999999,0.0002500000118743628
1494191706.495799,31049999,0.0002500000118743628
1494192323.607869,31099999,0.0002500000118743628
1494192941.517323,31149999,0.0002500000118743628
1494193557.460991,31199999,0.0002500000118743628
1494194172.994284,31249999,0.0002500000118743628
1494194793.862298,31299999,0.0002500000118743628
1494195411.754892,31349999,0.0002500000118743628
1494196027.899235,31399999,0.0002500000118743628
1494196643.527939,31449999,0.0002500000118743628
1494197256.776497,31499999,0.0002500000118743628
1494197874.008266,31549999,0.0002500000118743628
1494198489.439148,31599999,0.0002500000118743628
1494199105.419782,31649999,0.0002500000118743628
1494199721.852103,31699999,0.0002500000118743628
1494200336.374128,31749999,0.0002500000118743628
1494200951.572078,31799999,0.0002500000118743628
1494201569.543806,31849999,0.0002500000118743628
1494202184.788445,31899999,0.0002500000118743628
1494202802.586814,31949999,0.0002500000118743628
1494203419.572075,31999999,0.0002500000118743628
1494204034.109296,32049999,0.0002500000118743628
1494204649.2993,32099999,0.0002500000118743628
1494205266.596091,32149999,0.0002500000118743628
1494205884.247144,32199999,0.0002500000118743628
1494206500.522272,32249999,0.0002500000118743628
1494207114.961985,32299999,0.0002500000118743628
1494207732.396818,32349999,0.0002500000118743628
1494208348.057366,32399999,0.0002500000118743628
1494208963.273458,32449999,0.0002500000118743628
1494209580.233248,32499999,0.0002500000118743628
1494210196.256399,32549999,0.0002500000118743628
1494210813.749536,32599999,0.0002500000118743628
1494211428.918323,32649999,0.0002500000118743628
1494212044.527078,32699999,0.0002500000118743628
1494212663.004288,32749999,0.0002500000118743628
1494213279.261804,32799999,0.0002500000118743628
1494213894.669649,32849999,0.0002500000118743628
1494214510.098769,32899999,0.0002500000118743628
1494215125.693067,32949999,0.0002500000118743628
1494215744.450186,32999999,0.0002500000118743628
1494216362.639838,33049999,0.0002500000118743628
1494216978.935312,33099999,0.0002500000118743628
1494217582.746632,33149999,0.0002500000118743628
1494218186.486992,33199999,0.0002500000118743628
1494218790.099779,33249999,0.0002500000118743628
1494219396.094566,33299999,0.0002500000118743628
1494220000.758595,33349999,0.0002500000118743628
1494220607.289348,33399999,0.0002500000118743628
1494221211.331743,33449999,0.0002500000118743628
1494221820.721253,33499999,0.0002500000118743628
1494222425.776362,33549999,0.0002500000118743628
1494223030.460528,33599999,0.0002500000118743628
1494223635.774412,33649999,0.0002500000118743628
1494224241.876361,33699999,0.0002500000118743628
1494224847.776826,33749999,0.0002500000118743628
1494225467.705624,33799999,0.0002500000118743628
1494226098.563143,33849999,0.0002500000118743628
1494226731.25098,33899999,0.0002500000118743628
1494227362.67935,33949999,0.0002500000118743628
1494227988.137521,33999999,0.0002500000118743628
1494228602.521813,34049999,0.0002500000118743628
1494229220.454924,34099999,0.0002500000118743628
1494229843.438914,34149999,0.0002500000118743628
1494230466.870856,34199999,0.0002500000118743628
1494231092.542399,34249999,0.0002500000118743628
1494231715.8693,34299999,0.0002500000118743628
1494232338.224794,34349999,0.0002500000118743628
1494232961.728257,34399999,0.0002500000118743628
1494233584.838364,34449999,0.0002500000118743628
