,average.loss,average.q,average.reward,episode.avg_reward,episode.max_reward,episode.min_reward,episode.num_of_game,training.learning_rate
0,0.033622030168771744,-0.18078142404556274,-0.06561999768018723,-19.5,-4.0,-20.0,168.0,0.00025000001187436277
1,0.03303058072924614,-0.4186575412750244,-0.06577999889850616,-19.54166603088379,-14.0,-20.0,168.0,0.00025000001187436277
2,0.03302590548992157,-0.6779566407203674,-0.06627999991178513,-19.50887489318848,-12.0,-20.0,169.0,0.00025000001187436277
3,0.02877465076744556,-0.9082509875297546,-0.06571999937295914,-19.337278366088867,-2.0,-20.0,169.0,0.00025000001187436277
4,0.02072722837328911,-1.100090503692627,-0.06712000072002411,-19.45930290222168,0.0,-20.0,172.0,0.00025000001187436277
5,0.01666247844696045,-1.301864743232727,-0.06654000282287598,-19.511764526367188,-11.0,-20.0,170.0,0.00025000001187436277
6,0.014221645891666412,-1.5380449295043943,-0.06775999814271927,-19.543352127075195,-10.0,-20.0,173.0,0.00025000001187436277
7,0.014222439378499985,-1.7495548725128174,-0.06564000248908998,-19.464284896850586,-13.0,-20.0,168.0,0.00025000001187436277
8,0.01287961471825838,-1.8363360166549685,-0.06571999937295914,-19.30588150024414,-8.0,-20.0,170.0,0.00025000001187436277
9,0.01269360538572073,-1.9627103805541992,-0.06571999937295914,-19.51785659790039,-15.0,-20.0,168.0,0.00025000001187436277
10,0.012286203913390636,-2.0725774765014653,-0.06418000161647798,-19.4121208190918,-13.0,-20.0,165.0,0.00025000001187436277
11,0.011900031007826328,-2.241175413131714,-0.062120001763105386,-19.29192543029785,-13.0,-20.0,161.0,0.00025000001187436277
12,0.01199255883693695,-2.318826913833618,-0.05767999961972236,-18.94736862182617,-14.0,-20.0,152.0,0.00025000001187436277
13,0.012380438856780527,-2.351559400558472,-0.05212000012397766,-18.38297843933105,-14.0,-20.0,141.0,0.00025000001187436277
14,0.014269846491515638,-2.4212665557861333,-0.04997999966144562,-18.10869598388672,-2.0,-20.0,138.0,0.00025000001187436277
15,0.015421008691191672,-2.478245258331299,-0.043540000915527344,-17.45967674255371,-11.0,-20.0,124.0,0.00025000001187436277
16,0.016291355714201927,-2.483404874801636,-0.04066000133752823,-17.058822631835938,-4.0,-20.0,119.0,0.00025000001187436277
17,0.01614074781537056,-2.3449666500091557,-0.03801999986171722,-16.883928298950195,-12.0,-20.0,112.0,0.00025000001187436277
18,0.015049942769110203,-2.281440019607544,-0.03663999959826469,-16.53636360168457,-6.0,-20.0,110.0,0.00025000001187436277
19,0.014427905902266502,-2.2479910850524902,-0.031860001385211945,-15.673267364501953,-1.0,-19.0,101.0,0.00025000001187436277
20,0.014015393331646921,-2.2598857879638667,-0.030980000272393227,-15.63265323638916,-9.0,-20.0,98.0,0.00025000001187436277
21,0.014747614972293375,-2.25345778465271,-0.02844000048935413,-15.139784812927244,1.0,-20.0,93.0,0.00025000001187436277
22,0.015406510792672634,-2.210358142852783,-0.027100000530481342,-14.95555591583252,0.0,-19.0,90.0,0.00025000001187436277
23,0.01508286874741316,-2.211005449295044,-0.02789999917149544,-15.14130401611328,-7.0,-20.0,92.0,0.00025000001187436277
24,0.014159978367388247,-2.1739165782928467,-0.025620000436902046,-14.802325248718262,-8.0,-19.0,86.0,0.00025000001187436277
25,0.014922902919352056,-2.0966629981994633,-0.026680000126361847,-15.090909004211426,-6.0,-19.0,88.0,0.00025000001187436277
26,0.014552135951817037,-2.0974433422088623,-0.02280000038444996,-13.975308418273926,-5.0,-19.0,81.0,0.00025000001187436277
27,0.01482308004051447,-2.0584917068481445,-0.024140000343322757,-14.530120849609375,-6.0,-20.0,83.0,0.00025000001187436277
28,0.01438694167882204,-1.9846597909927368,-0.024140000343322757,-14.634146690368652,-8.0,-20.0,82.0,0.00025000001187436277
29,0.013615415431559086,-1.8903394937515257,-0.0215000007301569,-13.743589401245115,-5.0,-19.0,78.0,0.00025000001187436277
30,0.014132055453956129,-1.9143205881118772,-0.01981999911367893,-13.256756782531738,-3.0,-20.0,74.0,0.00025000001187436277
31,0.014918367378413675,-1.9205119609832764,-0.021159999072551727,-13.90666675567627,-5.0,-20.0,75.0,0.00025000001187436277
32,0.013410593383014202,-1.8327277898788448,-0.02112000063061714,-13.880000114440918,-1.0,-19.0,75.0,0.00025000001187436277
33,0.014811412431299688,-1.7470022439956665,-0.0210999995470047,-13.67532444000244,-1.0,-20.0,77.0,0.00025000001187436277
34,0.014620360918343069,-1.7138186693191528,-0.020479999482631683,-13.729729652404785,-7.0,-20.0,74.0,0.00025000001187436277
35,0.014809713698923588,-1.6505506038665771,-0.01903999969363213,-13.11111068725586,-1.0,-18.0,72.0,0.00025000001187436277
36,0.014255901798605919,-1.599445939064026,-0.020919999107718468,-13.786666870117188,-4.0,-19.0,75.0,0.00025000001187436277
37,0.013123340904712677,-1.5481005907058716,-0.020579999312758446,-13.65333366394043,-2.0,-19.0,75.0,0.00025000001187436277
38,0.014220855198800562,-1.5134477615356443,-0.019759999588131905,-13.465753555297852,-5.0,-18.0,73.0,0.00025000001187436277
39,0.014010930433869362,-1.4816122055053709,-0.01816000044345856,-12.828571319580078,-2.0,-18.0,70.0,0.00025000001187436277
40,0.014118462800979613,-1.4741462469100952,-0.020419999957084656,-13.835616111755373,-4.0,-18.0,73.0,0.00025000001187436277
41,0.0133466562256217,-1.4375531673431396,-0.01885999925434589,-13.328571319580078,-6.0,-19.0,70.0,0.00025000001187436277
42,0.014166209846735,-1.3875236511230469,-0.016580000519752502,-12.238805770874025,-3.0,-19.0,67.0,0.00025000001187436277
43,0.016494320705533028,-1.3269906044006348,-0.018500000238418583,-12.9436616897583,-3.0,-19.0,71.0,0.00025000001187436277
44,0.01586661860346794,-1.3317369222640991,-0.01903999969363213,-13.514286041259766,-7.0,-19.0,70.0,0.00025000001187436277
45,0.014227284118533134,-1.3054893016815186,-0.015440000221133232,-11.921875,-1.0,-17.0,64.0,0.00025000001187436277
46,0.01389374304562807,-1.2805049419403076,-0.01582000032067299,-11.954545021057127,-2.0,-19.0,66.0,0.00025000001187436277
47,0.013745304197072985,-1.2279921770095823,-0.016300000250339508,-12.476922988891602,-6.0,-19.0,65.0,0.00025000001187436277
48,0.014901105314493181,-1.2172755002975464,-0.017459999769926068,-13.121212005615234,-5.0,-20.0,66.0,0.00025000001187436277
49,0.014795239083468912,-1.1996585130691528,-0.0175199992954731,-12.880597114562988,2.0,-19.0,67.0,0.00025000001187436277
50,0.01380187924951315,-1.1921396255493164,-0.013439999893307686,-11.149999618530273,-1.0,-17.0,60.0,0.00025000001187436277
51,0.014449029229581356,-1.1558353900909424,-0.015760000795125958,-12.380952835083008,-5.0,-18.0,63.0,0.00025000001187436277
52,0.013643383048474787,-1.1461869478225708,-0.013819999992847444,-11.466666221618652,-2.0,-20.0,60.0,0.00025000001187436277
53,0.013709171675145626,-1.137309193611145,-0.00989999994635582,-9.301886558532717,-1.0,-17.0,53.0,0.00025000001187436277
54,0.013735084794461729,-1.0921916961669922,-0.009320000186562538,-8.773585319519043,6.0,-17.0,53.0,0.00025000001187436277
55,0.013672770000994205,-1.047260880470276,-0.00930000003427267,-8.622641563415527,2.0,-19.0,53.0,0.00025000001187436277
56,0.013738864101469515,-1.0026928186416626,-0.009639999829232693,-8.740740776062013,5.0,-18.0,54.0,0.00025000001187436277
57,0.013214852660894394,-0.9288358688354492,-0.009100000374019146,-8.277777671813965,0.0,-17.0,54.0,0.00025000001187436277
58,0.014141658321022987,-0.8826687335968018,-0.00559999980032444,-5.6875,5.0,-15.0,48.0,0.00025000001187436277
59,0.014404230751097202,-0.8492854237556458,-0.00824000034481287,-7.92307710647583,4.0,-17.0,52.0,0.00025000001187436277
60,0.014757640659809113,-0.7905445098876953,-0.0074800001457333565,-7.420000076293945,6.0,-18.0,50.0,0.00025000001187436277
61,0.01351176667958498,-0.7516191601753235,-0.007899999618530273,-7.647058963775635,6.0,-17.0,51.0,0.00025000001187436277
62,0.013843472115695477,-0.7105082273483276,-0.006399999838322401,-6.408163070678711,8.0,-14.0,49.0,0.00025000001187436277
63,0.014417206868529318,-0.6303520202636719,-0.0063599999994039536,-6.530612468719482,6.0,-17.0,49.0,0.00025000001187436277
64,0.014656799845397472,-0.5685926675796509,-0.0057799997739493856,-6.1956520080566415,4.0,-17.0,46.0,0.00025000001187436277
65,0.014877167530357838,-0.5312168598175049,-0.006159999873489142,-6.57446813583374,4.0,-19.0,47.0,0.00025000001187436277
66,0.01402256265282631,-0.4724000692367554,-0.0039400001987814895,-4.23913049697876,10.0,-18.0,46.0,0.00025000001187436277
67,0.014279994182288647,-0.4520196318626404,-0.005520000122487545,-5.872340202331543,5.0,-15.0,47.0,0.00025000001187436277
68,0.013593870215117931,-0.41754308342933655,-0.004279999993741511,-4.822222232818604,2.0,-13.0,45.0,0.00025000001187436277
69,0.01413547620177269,-0.3579610288143158,-0.0035600000992417336,-4.045454502105713,9.0,-13.0,44.0,0.00025000001187436277
70,0.014773841015994547,-0.31693345308303833,-0.0028599998913705353,-3.045454502105713,10.0,-14.0,44.0,0.00025000001187436277
71,0.014453175477683544,-0.26596498489379883,-0.0038199999835342173,-4.25,11.0,-17.0,44.0,0.00025000001187436277
72,0.013875399716198444,-0.2046072334051132,-0.00395999988541007,-4.5,9.0,-16.0,44.0,0.00025000001187436277
73,0.013366598635911942,-0.1835682243108749,-0.003920000046491623,-4.386363506317139,10.0,-16.0,44.0,0.00025000001187436277
74,0.013113323599100113,-0.1430472880601883,-0.003060000017285347,-3.3636362552642822,10.0,-15.0,44.0,0.00025000001187436277
75,0.01413074601441622,-0.10125987976789473,-0.00343999988399446,-3.733333349227905,9.0,-16.0,45.0,0.00025000001187436277
76,0.014086443930864334,-0.06608720123767853,-0.002199999988079071,-2.465116262435913,12.0,-14.0,43.0,0.00025000001187436277
77,0.01443406753242016,-0.03983013331890106,-0.003500000108033419,-4.136363506317139,8.0,-13.0,44.0,0.00025000001187436277
78,0.014360139146447182,-0.008368891663849356,-0.0009399999980814756,-1.3095238208770752,11.0,-11.0,42.0,0.00025000001187436277
79,0.01398069504648447,-0.01524044293910265,-0.003659999929368496,-4.090909004211427,7.0,-16.0,44.0,0.00025000001187436277
80,0.014072725549340248,-0.005686440039426088,-0.0028800000436604023,-3.5853657722473145,10.0,-15.0,41.0,0.00025000001187436277
81,0.014754938893020153,0.04314995557069778,-0.0024399999529123306,-2.8809523582458496,9.0,-18.0,42.0,0.00025000001187436277
82,0.01433468237519264,0.060004141181707375,-0.0024000001139938827,-2.857142925262451,7.0,-15.0,42.0,0.00025000001187436277
83,0.01375926099717617,0.06741563975811005,-0.003860000055283308,-4.3181819915771475,14.0,-14.0,44.0,0.00025000001187436277
84,0.013598774559795856,0.0829659104347229,-0.002540000015869737,-2.9767441749572754,7.0,-15.0,43.0,0.00025000001187436277
85,0.014140693470835687,0.12456678599119185,-0.0025599999353289604,-3.0930233001708984,11.0,-16.0,43.0,0.00025000001187436277
86,0.014272517524659634,0.18411649763584134,-0.0016599999507889152,-1.952380895614624,11.0,-13.0,42.0,0.00025000001187436277
87,0.01445954293012619,0.21944451332092285,-0.001180000021122396,-1.7250000238418581,6.0,-13.0,40.0,0.00025000001187436277
88,0.013910694979131222,0.24988073110580444,-0.00028000000747852033,-0.3333333432674408,8.0,-12.0,39.0,0.00025000001187436277
89,0.012804755941033363,0.2861998677253723,0.00022000000171829015,0.25,12.0,-8.0,40.0,0.00025000001187436277
90,0.013472173362970352,0.3094068765640259,-0.0018200000049546359,-1.9767441749572756,11.0,-15.0,43.0,0.00025000001187436277
91,0.013227042742073536,0.335357666015625,-3.9999998989515007e-05,0.0731707289814949,15.0,-11.0,41.0,0.00025000001187436277
92,0.013081329874694349,0.3557592034339905,-0.0019199999514967203,-2.375,11.0,-14.0,40.0,0.00025000001187436277
93,0.013406616635620594,0.3750748932361603,-0.0006399999838322401,-0.7142857313156128,9.0,-14.0,42.0,0.00025000001187436277
94,0.013594471849501131,0.4011107087135315,-0.001120000029914081,-1.0,11.0,-14.0,40.0,0.00025000001187436277
95,0.012448582798242569,0.4259300231933594,0.0005799999926239253,0.8000000119209291,12.0,-12.0,40.0,0.00025000001187436277
96,0.012958596460521221,0.4461783766746521,-0.0015600000042468312,-1.7209302186965942,9.0,-14.0,43.0,0.00025000001187436277
97,0.013162710703909395,0.4635579884052277,-0.0009800000116229057,-1.2564102411270142,11.0,-14.0,39.0,0.00025000001187436277
98,0.012446064502000807,0.4785792529582977,-0.00019999999494757506,-0.10526315867900847,9.0,-12.0,38.0,0.00025000001187436277
99,0.012709897942841051,0.500988781452179,-0.0004799999878741801,-0.6315789222717285,11.0,-10.0,38.0,0.00025000001187436277
100,0.012549386359751223,0.5310667157173157,0.001120000029914081,1.384615421295166,9.0,-10.0,39.0,0.00025000001187436277
101,0.012956718914210795,0.5526173114776611,-0.0006399999838322401,-0.9444444179534912,9.0,-14.0,36.0,0.00025000001187436277
102,0.012549491599202156,0.5767359733581543,-0.00014000000373926014,-0.1538461595773697,11.0,-9.0,39.0,0.00025000001187436277
103,0.012811413966119291,0.593110203742981,0.0016400000313296914,2.184210538864136,15.0,-9.0,38.0,0.00025000001187436277
104,0.012826344929635523,0.6070626974105835,0.000699999975040555,0.6578947305679321,10.0,-9.0,38.0,0.00025000001187436277
105,0.012840191833674908,0.6203568577766418,0.0008800000068731606,1.2432432174682615,14.0,-10.0,37.0,0.00025000001187436277
106,0.011680026538670065,0.630009651184082,0.0010600000387057662,1.675675630569458,12.0,-11.0,37.0,0.00025000001187436277
107,0.011998074129223824,0.6493685841560364,0.0004400000034365803,0.6216216087341309,9.0,-14.0,37.0,0.00025000001187436277
108,0.012201144360005856,0.6695796251296997,0.0010999999940395355,1.657894730567932,13.0,-11.0,38.0,0.00025000001187436277
109,0.012903101742267609,0.6826674938201904,0.00107999995816499,1.263157844543457,12.0,-12.0,38.0,0.00025000001187436277
110,0.012099548242986202,0.7005822658538818,0.0016199999954551456,1.9743589162826536,16.0,-10.0,39.0,0.00025000001187436277
111,0.012520568445324898,0.7191886305809021,0.0011399999493733046,1.324324369430542,16.0,-13.0,37.0,0.00025000001187436277
112,0.011697804555296898,0.7363923788070679,0.0005000000237487257,0.6756756901741028,11.0,-12.0,37.0,0.00025000001187436277
113,0.011630706489086151,0.7540623545646667,0.0003399999986868352,0.5833333134651184,12.0,-12.0,36.0,0.00025000001187436277
114,0.01170327328145504,0.7537201046943665,0.0009200000204145908,1.263157844543457,13.0,-12.0,38.0,0.00025000001187436277
115,0.0120291942730546,0.7388887405395508,0.00022000000171829015,0.3055555522441864,13.0,-12.0,36.0,0.00025000001187436277
116,0.012410830706357956,0.7637040019035339,0.0007800000021234156,0.7567567825317383,12.0,-11.0,37.0,0.00025000001187436277
117,0.011837555095553398,0.7835797071456909,0.0014600000577047467,1.9473683834075928,12.0,-14.0,38.0,0.00025000001187436277
118,0.011365080252289772,0.7965303659439087,0.002899999963119626,3.8648648262023926,11.0,-8.0,37.0,0.00025000001187436277
119,0.011824470944702624,0.8150880336761475,0.00023999999393709004,0.4166666567325592,11.0,-15.0,36.0,0.00025000001187436277
120,0.011522636748850346,0.8210946321487427,0.0019000000320374968,2.513513565063477,13.0,-9.0,37.0,0.00025000001187436277
121,0.0117332823574543,0.8303344845771791,0.0017399999778717756,2.0256409645080566,15.0,-12.0,39.0,0.00025000001187436277
122,0.011446830816566944,0.8204731345176697,0.0032999999821186066,4.3421053886413565,13.0,-9.0,38.0,0.00025000001187436277
123,0.012252066284418106,0.8275545835494995,0.0014600000577047467,1.9189189672470093,12.0,-12.0,37.0,0.00025000001187436277
124,0.012164765037596226,0.8385707139968872,0.0010600000387057662,1.394736886024475,14.0,-14.0,38.0,0.00025000001187436277
125,0.011955350637435913,0.8450050950050354,0.0009399999980814756,1.2432432174682615,11.0,-9.0,37.0,0.00025000001187436277
126,0.011475601233541964,0.8575388789176941,0.0029800001066178088,3.8918919563293457,13.0,-8.0,37.0,0.00025000001187436277
127,0.011943683959543705,0.8611359000205994,0.002060000086203217,2.621621608734131,12.0,-10.0,37.0,0.00025000001187436277
128,0.012209644541144371,0.8532952666282654,0.0027600000612437725,3.5897436141967773,15.0,-10.0,39.0,0.00025000001187436277
129,0.012642409652471542,0.8776531815528871,0.002219999907538295,2.775000095367432,14.0,-10.0,40.0,0.00025000001187436277
130,0.012474467046558857,0.9093074798583984,0.0027000000700354576,3.4736843109130864,15.0,-13.0,38.0,0.00025000001187436277
131,0.012914505787193777,0.9278717637062072,0.0026799999177455898,3.3499999046325684,15.0,-12.0,40.0,0.00025000001187436277
132,0.012669446878135204,0.948094606399536,0.0019000000320374968,2.5833332538604736,13.0,-13.0,36.0,0.00025000001187436277
133,0.012089777737855913,0.9546886682510376,0.0016400000313296914,2.1578948497772217,14.0,-9.0,38.0,0.00025000001187436277
134,0.012440693564713,0.9673011302947998,0.0018799999961629512,2.461538553237915,14.0,-10.0,39.0,0.00025000001187436277
135,0.012128690257668495,0.9666305780410768,0.0017600000137463212,2.3055555820465092,14.0,-10.0,36.0,0.00025000001187436277
136,0.011383849196135998,0.9583466053009032,0.0032999999821186066,4.205128192901611,17.0,-12.0,39.0,0.00025000001187436277
137,0.011492427438497543,0.9665443301200868,0.0019000000320374968,2.4864864349365234,16.0,-11.0,37.0,0.00025000001187436277
138,0.012708240188658236,0.9792786240577698,0.003079999936744571,4.051281929016113,17.0,-10.0,39.0,0.00025000001187436277
139,0.012692080810666084,0.9899559617042542,0.0024399999529123306,3.3333332538604736,13.0,-10.0,36.0,0.00025000001187436277
140,0.012419586069881916,1.01884663105011,0.0031799999997019768,4.0789475440978995,16.0,-10.0,38.0,0.00025000001187436277
141,0.012004101648926737,1.0428388118743896,0.0028800000436604023,3.763157844543457,15.0,-7.0,38.0,0.00025000001187436277
142,0.012399300932884216,1.0315349102020264,0.0021800000686198477,2.8205127716064453,17.0,-11.0,39.0,0.00025000001187436277
143,0.011637086048722269,1.0418301820755005,0.0016599999507889152,2.162162065505981,13.0,-9.0,37.0,0.00025000001187436277
144,0.011949783191084862,1.0467764139175415,0.0017800000496208668,2.307692289352417,14.0,-12.0,39.0,0.00025000001187436277
145,0.012226303108036518,1.0616284608840942,0.0027000000700354576,3.472222328186035,15.0,-9.0,36.0,0.00025000001187436277
146,0.011849270202219486,1.0634342432022097,0.002259999979287386,2.9473683834075928,14.0,-7.0,38.0,0.00025000001187436277
147,0.012198691256344318,1.0491364002227783,0.002259999979287386,2.9230768680572514,15.0,-11.0,39.0,0.00025000001187436277
148,0.012233698740601541,1.0629358291625977,0.0017600000137463212,2.351351261138916,13.0,-14.0,37.0,0.00025000001187436277
149,0.012271655723452568,1.0527445077896118,0.0032999999821186066,4.179487228393556,17.0,-13.0,39.0,0.00025000001187436277
150,0.01248112041503191,1.0542255640029907,0.00395999988541007,5.236842155456543,15.0,-9.0,38.0,0.00025000001187436277
151,0.01229172386229038,1.066946506500244,0.004000000189989804,5.0,13.0,-8.0,38.0,0.00025000001187436277
152,0.012059810571372507,1.0839499235153198,0.00279999990016222,3.6578948497772217,13.0,-16.0,38.0,0.00025000001187436277
153,0.011619564145803452,1.1015406847000122,0.003220000071451068,4.315789699554443,12.0,-9.0,38.0,0.00025000001187436277
154,0.011938395909965038,1.1002957820892334,0.0032599999103695154,4.025000095367432,19.0,-10.0,40.0,0.00025000001187436277
155,0.012734558433294295,1.098824977874756,0.00171999994199723,2.28947377204895,13.0,-11.0,38.0,0.00025000001187436277
156,0.012180063873529434,1.1061743497848509,0.001359999994747341,1.6216216087341309,13.0,-9.0,37.0,0.00025000001187436277
157,0.01254968997091055,1.1091837882995603,0.0017399999778717756,2.2820513248443604,14.0,-11.0,39.0,0.00025000001187436277
158,0.012170025147497654,1.0938770771026611,0.002520000096410513,3.6388888359069824,16.0,-9.0,36.0,0.00025000001187436277
159,0.01135700847953558,1.0980404615402222,0.0024000001139938827,3.162162065505981,15.0,-12.0,37.0,0.00025000001187436277
160,0.01184025313705206,1.1103180646896362,0.0031999999191612005,4.45945930480957,16.0,-8.0,37.0,0.00025000001187436277
161,0.011842126026749613,1.1239852905273438,0.003160000080242753,4.297297477722168,13.0,-12.0,37.0,0.00025000001187436277
162,0.01206069439649582,1.1290456056594849,0.0032599999103695154,4.263157844543457,15.0,-13.0,38.0,0.00025000001187436277
163,0.01095760893076658,1.1304272413253784,0.0019000000320374968,2.513513565063477,13.0,-13.0,37.0,0.00025000001187436277
164,0.010720688849687576,1.1326274871826172,0.002339999889954925,3.194444417953491,12.0,-7.0,36.0,0.00025000001187436277
165,0.010898623615503313,1.1234748363494873,0.0019600000232458115,2.8378379344940186,14.0,-11.0,37.0,0.00025000001187436277
166,0.01145990751683712,1.1179533004760742,0.0033799998927861448,4.179487228393556,15.0,-16.0,39.0,0.00025000001187436277
167,0.011916014365851879,1.1095876693725586,0.003079999936744571,4.108108043670653,15.0,-15.0,37.0,0.00025000001187436277
168,0.011907599866390228,1.1131712198257446,0.0034799999557435517,4.564102649688722,17.0,-7.0,39.0,0.00025000001187436277
169,0.011393688619136809,1.1080080270767212,0.0026199999265372753,3.5,16.0,-9.0,38.0,0.00025000001187436277
170,0.011170377023518084,1.1082316637039185,0.0035200000274926424,4.615384578704834,15.0,-9.0,39.0,0.00025000001187436277
171,0.01127035729587078,1.118222713470459,0.003160000080242753,3.9473683834075928,18.0,-8.0,38.0,0.00025000001187436277
172,0.011120923794806005,1.120944619178772,0.004120000172406435,5.4210524559021,19.0,-11.0,38.0,0.00025000001187436277
173,0.01139406394213438,1.1366108655929563,0.003160000080242753,4.236842155456543,15.0,-7.0,38.0,0.00025000001187436277
174,0.01105363667011261,1.1420215368270874,0.0034799999557435517,4.729729652404785,13.0,-10.0,37.0,0.00025000001187436277
175,0.01146392896771431,1.1245205402374268,0.0025800000876188283,3.513513565063477,13.0,-11.0,37.0,0.00025000001187436277
176,0.011457868851721287,1.1376785039901731,0.004739999771118164,6.157894611358643,15.0,-3.0,38.0,0.00025000001187436277
177,0.011762741021811962,1.1326366662979126,0.00343999988399446,4.263157844543457,16.0,-12.0,38.0,0.00025000001187436277
178,0.01168370433151722,1.144070744514465,0.0031200000084936623,3.974359035491944,14.0,-9.0,39.0,0.00025000001187436277
179,0.011740701273083687,1.1442316770553589,0.00431999983265996,5.564102649688722,14.0,-9.0,39.0,0.00025000001187436277
180,0.01176786981523037,1.1351820230484009,0.0035200000274926424,4.384615421295166,14.0,-12.0,39.0,0.00025000001187436277
181,0.012129322625696659,1.1460686922073364,0.0038999998942017564,4.756097793579102,17.0,-9.0,41.0,0.00025000001187436277
182,0.011618801392614841,1.1789546012878418,0.0036200000904500476,4.564102649688722,15.0,-10.0,39.0,0.00025000001187436277
183,0.01160386111587286,1.1846761703491209,0.002499999944120645,3.351351261138916,13.0,-7.0,37.0,0.00025000001187436277
184,0.012081329710781574,1.1985818147659302,0.003000000026077032,3.815789461135864,16.0,-9.0,38.0,0.00025000001187436277
185,0.012139790691435335,1.1991370916366575,0.004600000102072954,5.8947367668151855,16.0,-5.0,38.0,0.00025000001187436277
186,0.011689206585288048,1.2053126096725464,0.003160000080242753,4.1621623039245605,13.0,-12.0,37.0,0.00025000001187436277
187,0.011984577402472496,1.2233808040618896,0.003239999990910292,4.405405521392822,17.0,-4.0,37.0,0.00025000001187436277
188,0.012037311680614948,1.237818479537964,0.003220000071451068,4.243243217468262,16.0,-14.0,37.0,0.00025000001187436277
189,0.011673376895487309,1.2388432025909424,0.0043600001372396955,5.710526466369629,14.0,-5.0,38.0,0.00025000001187436277
190,0.01128327753394842,1.2376497983932495,0.0036400000099092718,4.473684310913086,15.0,-8.0,38.0,0.00025000001187436277
191,0.01160779781639576,1.2400232553482056,0.005020000040531158,6.2750000953674325,15.0,-5.0,40.0,0.00025000001187436277
192,0.012180973775684834,1.2442895174026491,0.00406000018119812,5.108108043670653,14.0,-6.0,37.0,0.00025000001187436277
193,0.011612044647336006,1.2455224990844729,0.002099999925121665,2.8333332538604736,12.0,-9.0,36.0,0.00025000001187436277
194,0.0119153605774045,1.234219312667847,0.0025800000876188283,3.4864864349365234,13.0,-11.0,37.0,0.00025000001187436277
195,0.011801060289144516,1.2161722183227541,0.0038999998942017564,5.1621623039245605,17.0,-8.0,37.0,0.00025000001187436277
196,0.0111874183639884,1.2213096618652344,0.0043600001372396955,5.710526466369629,16.0,-4.0,38.0,0.00025000001187436277
197,0.011200972832739351,1.2206220626831057,0.0045599997974932185,6.0,17.0,-5.0,37.0,0.00025000001187436277
198,0.011110495775938034,1.2305564880371094,0.0028800000436604023,3.783783674240112,13.0,-12.0,37.0,0.00025000001187436277
199,0.010779212228953838,1.2362048625946045,0.0030400000978261232,3.972972869873047,17.0,-13.0,37.0,0.00025000001187436277
200,0.010726297274231909,1.2259060144424438,0.00406000018119812,5.368421077728272,17.0,-11.0,38.0,0.00025000001187436277
201,0.010886763222515585,1.2227647304534912,0.00431999983265996,5.5128207206726065,17.0,-10.0,39.0,0.00025000001187436277
202,0.011125184595584871,1.2253190279006958,0.0035200000274926424,4.605263233184815,18.0,-10.0,38.0,0.00025000001187436277
203,0.011321392841637136,1.218242645263672,0.005379999987781048,6.717948913574219,15.0,-9.0,39.0,0.00025000001187436277
204,0.011370750144124031,1.2164525985717771,0.004480000119656324,5.666666507720947,16.0,-7.0,39.0,0.00025000001187436277
205,0.011283567175269129,1.219014286994934,0.004660000093281269,6.051281929016112,17.0,-11.0,39.0,0.00025000001187436277
206,0.01111487578600645,1.2228461503982544,0.004480000119656324,5.8108110427856445,18.0,-6.0,37.0,0.00025000001187436277
207,0.011303570121526718,1.236634612083435,0.004100000020116568,5.256410121917725,18.0,-7.0,39.0,0.00025000001187436277
208,0.011552481912076472,1.2228493690490725,0.0036800000816583633,4.6410255432128915,14.0,-9.0,39.0,0.00025000001187436277
209,0.011508523486554623,1.219497561454773,0.004139999859035015,5.5,15.0,-6.0,38.0,0.00025000001187436277
210,0.01203465461730957,1.2351396083831787,0.004579999949783087,6.0,15.0,-6.0,38.0,0.00025000001187436277
211,0.01167953107506037,1.2423638105392456,0.003659999929368496,4.783783912658691,14.0,-12.0,37.0,0.00025000001187436277
212,0.011407514102756977,1.2427476644515991,0.004660000093281269,5.948718070983888,14.0,-5.0,39.0,0.00025000001187436277
213,0.01145120058208704,1.244765043258667,0.0042200000025331965,5.5,17.0,-9.0,38.0,0.00025000001187436277
214,0.012288625352084637,1.2435046434402466,0.0045599997974932185,5.75,16.0,-7.0,40.0,0.00025000001187436277
215,0.012129026465117931,1.2542262077331543,0.005179999861866236,6.435897350311278,12.0,-3.0,39.0,0.00025000001187436277
216,0.010973721742630005,1.273279309272766,0.004720000084489584,5.875,16.0,-15.0,40.0,0.00025000001187436277
217,0.011924298480153084,1.2820687294006348,0.004459999967366457,5.868421077728272,13.0,-9.0,38.0,0.00025000001187436277
218,0.011742296628654005,1.2824896574020386,0.0036800000816583633,4.6578946113586435,14.0,-6.0,38.0,0.00025000001187436277
219,0.011883346363902092,1.283886432647705,0.003580000018700957,4.486486434936523,17.0,-6.0,37.0,0.00025000001187436277
220,0.011490802280604841,1.2791167497634888,0.003659999929368496,4.972972869873047,16.0,-3.0,37.0,0.00025000001187436277
221,0.011446858756244184,1.2773573398590088,0.004459999967366457,5.868421077728272,14.0,-4.0,38.0,0.00025000001187436277
222,0.011731984093785286,1.2883899211883545,0.00443999981507659,5.675675868988037,14.0,-11.0,37.0,0.00025000001187436277
223,0.01162715908139944,1.2728654146194458,0.0044999998062849045,5.868421077728272,18.0,-7.0,38.0,0.00025000001187436277
224,0.011618576012551785,1.2879343032836914,0.005100000184029341,6.425000190734862,16.0,-13.0,40.0,0.00025000001187436277
225,0.011612987145781515,1.2914128303527832,0.0054999999701976785,6.925000190734862,16.0,-6.0,40.0,0.00025000001187436277
226,0.011152396909892559,1.2950170040130615,0.0028200000524520874,3.8378379344940186,12.0,-7.0,37.0,0.00025000001187436277
227,0.01093656662851572,1.3051393032073977,0.003220000071451068,4.432432651519775,16.0,-12.0,37.0,0.00025000001187436277
228,0.01107637584209442,1.2848697900772097,0.005419999826699495,6.794871807098389,16.0,-7.0,39.0,0.00025000001187436277
229,0.011826536618173122,1.2669278383255005,0.003160000080242753,4.184210300445557,15.0,-5.0,38.0,0.00025000001187436277
230,0.012062582187354565,1.2649598121643066,0.00443999981507659,5.763157844543457,17.0,-5.0,38.0,0.00025000001187436277
231,0.011738286353647707,1.263054370880127,0.0031999999191612005,4.351351261138916,16.0,-7.0,37.0,0.00025000001187436277
232,0.011691863648593426,1.2754943370819092,0.004540000110864639,6.1621623039245605,16.0,-4.0,37.0,0.00025000001187436277
233,0.011411354877054693,1.285858154296875,0.0044999998062849045,5.666666507720947,17.0,-7.0,39.0,0.00025000001187436277
234,0.010913090780377388,1.2723784446716309,0.0044999998062849045,5.820512771606445,18.0,-5.0,39.0,0.00025000001187436277
235,0.011019915342330931,1.2534271478652954,0.0043600001372396955,5.763157844543457,15.0,-10.0,38.0,0.00025000001187436277
236,0.011626044288277626,1.2579773664474487,0.004920000210404396,6.102564334869385,17.0,-12.0,39.0,0.00025000001187436277
237,0.010844692587852478,1.2392516136169434,0.004480000119656324,5.868421077728272,17.0,-4.0,38.0,0.00025000001187436277
238,0.010935778729617596,1.244419813156128,0.0031999999191612005,4.324324131011963,15.0,-11.0,37.0,0.00025000001187436277
239,0.010847452096641064,1.2357937097549438,0.0037000000011175867,5.081080913543701,15.0,-9.0,37.0,0.00025000001187436277
240,0.011082909069955349,1.2377382516860962,0.0037400000728666782,4.6578946113586435,13.0,-13.0,38.0,0.00025000001187436277
241,0.011213965713977814,1.2434203624725342,0.003860000055283308,5.108108043670653,14.0,-11.0,37.0,0.00025000001187436277
242,0.010779065079987049,1.2192857265472412,0.005260000005364418,6.8157896995544425,17.0,-4.0,38.0,0.00025000001187436277
243,0.011027785018086432,1.2162717580795288,0.005559999961405993,7.0,15.0,-2.0,39.0,0.00025000001187436277
244,0.010593343526124954,1.227195382118225,0.004240000154823065,5.447368621826172,18.0,-12.0,38.0,0.00025000001187436277
245,0.010926496237516405,1.2209526300430298,0.005179999861866236,7.0,17.0,-5.0,37.0,0.00025000001187436277
246,0.010785415768623352,1.2248995304107666,0.005880000069737434,7.0975608825683585,19.0,-9.0,41.0,0.00025000001187436277
247,0.010906376875936985,1.2270470857620241,0.004459999967366457,5.615384578704834,17.0,-8.0,39.0,0.00025000001187436277
248,0.011542491614818571,1.2181738615036009,0.0038399999029934406,5.026315689086914,14.0,-7.0,38.0,0.00025000001187436277
249,0.010932665318250656,1.235175371170044,0.005739999935030936,7.384615421295166,15.0,-2.0,39.0,0.00025000001187436277
250,0.011188375763595104,1.2551589012145996,0.006320000160485506,7.560975551605225,17.0,-8.0,41.0,0.00025000001187436277
251,0.01120695937424898,1.256664156913757,0.004259999841451645,5.289473533630371,15.0,-7.0,38.0,0.00025000001187436277
252,0.010837022215127943,1.252351999282837,0.0038999998942017564,5.243243217468262,13.0,-5.0,37.0,0.00025000001187436277
253,0.010781899094581604,1.2655143737792969,0.0043600001372396955,5.710526466369629,16.0,-8.0,38.0,0.00025000001187436277
254,0.010848249308764936,1.2720400094985962,0.004259999841451645,5.5789475440979,15.0,-9.0,38.0,0.00025000001187436277
255,0.010762369260191916,1.264406442642212,0.0036200000904500476,4.684210300445557,16.0,-9.0,38.0,0.00025000001187436277
256,0.011118791066110134,1.2713233232498171,0.005840000230818987,7.324999809265138,17.0,-7.0,40.0,0.00025000001187436277
257,0.010917172767221928,1.2751885652542114,0.00547999981790781,6.9000000953674325,17.0,-10.0,40.0,0.00025000001187436277
258,0.011109967716038229,1.2640753984451294,0.0037000000011175867,4.615384578704834,14.0,-13.0,39.0,0.00025000001187436277
259,0.011325865983963013,1.260584592819214,0.004999999888241291,6.25,17.0,-8.0,40.0,0.00025000001187436277
260,0.011597631499171257,1.262194037437439,0.005280000157654285,6.625,17.0,-5.0,40.0,0.00025000001187436277
261,0.011650600470602512,1.2708204984664917,0.0037799999117851257,4.8421053886413565,15.0,-9.0,38.0,0.00025000001187436277
262,0.011267279274761677,1.2629635334014893,0.0041600000113248825,5.5789475440979,14.0,-10.0,38.0,0.00025000001187436277
263,0.01116349920630455,1.2690751552581787,0.003659999929368496,4.666666507720947,15.0,-11.0,39.0,0.00025000001187436277
264,0.011263023130595684,1.260631442070007,0.005260000005364418,6.692307472229004,18.0,-11.0,39.0,0.00025000001187436277
265,0.01084972359240055,1.261595606803894,0.0034600000362843275,4.6578946113586435,13.0,-12.0,38.0,0.00025000001187436277
266,0.010871543549001215,1.2607734203338623,0.004800000227987765,6.263157844543457,15.0,-3.0,38.0,0.00025000001187436277
267,0.010827252641320229,1.2635478973388672,0.005659999791532755,7.0256409645080575,16.0,-11.0,39.0,0.00025000001187436277
268,0.01048150099813938,1.2485744953155518,0.0036800000816583633,4.736842155456543,17.0,-12.0,38.0,0.00025000001187436277
269,0.010841738432645798,1.2453593015670776,0.004920000210404396,6.3157896995544425,20.0,-4.0,38.0,0.00025000001187436277
270,0.010284030809998512,1.2330560684204102,0.0034799999557435517,4.4210524559021,13.0,-10.0,38.0,0.00025000001187436277
271,0.010668566450476645,1.2315287590026855,0.0035600000992417336,4.8611111640930185,13.0,-6.0,36.0,0.00025000001187436277
272,0.011590208858251572,1.2403222322463991,0.0046999999321997174,6.289473533630371,14.0,-6.0,38.0,0.00025000001187436277
273,0.010998150333762169,1.2495766878128052,0.0041600000113248825,5.54054069519043,15.0,-4.0,37.0,0.00025000001187436277
274,0.010947242379188538,1.2412258386611938,0.005119999870657921,6.6315789222717285,16.0,-4.0,38.0,0.00025000001187436277
275,0.01097146049141884,1.2371338605880735,0.005040000192821026,6.6315789222717285,17.0,-3.0,38.0,0.00025000001187436277
276,0.010651325806975365,1.2354546785354614,0.0038999998942017564,5.216216087341309,19.0,-5.0,37.0,0.00025000001187436277
277,0.011443590745329857,1.232311487197876,0.0040799998678267,5.315789699554443,14.0,-7.0,38.0,0.00025000001187436277
278,0.010733744129538536,1.2391706705093384,0.0057799997739493856,7.07692289352417,16.0,-8.0,39.0,0.00025000001187436277
279,0.011007855646312237,1.2236908674240112,0.0031999999191612005,4.108108043670653,18.0,-16.0,37.0,0.00025000001187436277
280,0.011048327200114729,1.2266085147857666,0.004040000028908253,5.45945930480957,16.0,-5.0,37.0,0.00025000001187436277
281,0.011109174229204656,1.229270577430725,0.004579999949783087,5.947368621826173,14.0,-13.0,38.0,0.00025000001187436277
282,0.010812755674123764,1.2466237545013428,0.004100000020116568,5.5789475440979,14.0,-4.0,38.0,0.00025000001187436277
283,0.01052119489759207,1.2615303993225098,0.00431999983265996,5.789473533630371,13.0,-10.0,38.0,0.00025000001187436277
284,0.011079080402851105,1.2632076740264893,0.003800000064074993,5.0,16.0,-9.0,38.0,0.00025000001187436277
285,0.011205747723579408,1.261169195175171,0.0053400001488626,7.0,17.0,-9.0,37.0,0.00025000001187436277
286,0.010788093321025372,1.255076289176941,0.004100000020116568,5.486486434936523,14.0,-8.0,37.0,0.00025000001187436277
287,0.010608993470668793,1.2612651586532593,0.0045599997974932185,6.0,17.0,-8.0,38.0,0.00025000001187436277
288,0.010191271081566809,1.262738823890686,0.0043600001372396955,5.861111164093018,16.0,-9.0,36.0,0.00025000001187436277
289,0.01059975381940603,1.2557986974716189,0.006440000142902136,8.128205299377441,16.0,-3.0,39.0,0.00025000001187436277
290,0.010911427438259123,1.2651187181472778,0.004720000084489584,6.236842155456543,16.0,-7.0,38.0,0.00025000001187436277
291,0.010367235168814659,1.2592923641204834,0.003359999973326921,4.621621608734131,15.0,-7.0,37.0,0.00025000001187436277
292,0.010676280595362186,1.2551413774490356,0.004279999993741511,5.648648738861084,15.0,-10.0,37.0,0.00025000001187436277
293,0.01071540080010891,1.257780909538269,0.004139999859035015,5.44444465637207,17.0,-4.0,36.0,0.00025000001187436277
294,0.01085363794118166,1.260236740112305,0.00558000011369586,6.820512771606445,18.0,-8.0,39.0,0.00025000001187436277
295,0.010729013942182064,1.2658315896987915,0.004120000172406435,5.621621608734131,16.0,-5.0,37.0,0.00025000001187436277
296,0.010589039884507656,1.2661659717559814,0.0038999998942017564,5.081080913543701,16.0,-9.0,37.0,0.00025000001187436277
297,0.010177727788686752,1.2544256448745728,0.004679999779909849,6.216216087341309,15.0,-2.0,37.0,0.00025000001187436277
298,0.0101843299344182,1.2552558183670044,0.004240000154823065,5.54054069519043,15.0,-5.0,37.0,0.00025000001187436277
299,0.01075335219502449,1.2614367008209229,0.004339999984949827,5.864864826202393,13.0,-10.0,37.0,0.00025000001187436277
300,0.010986749082803726,1.2743102312088013,0.0042200000025331965,5.729729652404785,16.0,-5.0,37.0,0.00025000001187436277
301,0.011106620542705059,1.2965003252029421,0.006320000160485506,8.076923370361326,18.0,-9.0,39.0,0.00025000001187436277
302,0.010835572145879269,1.3123188018798828,0.00418000016361475,5.888888835906982,16.0,-5.0,36.0,0.00025000001187436277
303,0.01094902027398348,1.3169314861297607,0.0050800000317394725,6.918919086456299,16.0,-1.0,37.0,0.00025000001187436277
304,0.01074758265167475,1.3064340353012085,0.004759999923408032,6.1621623039245605,16.0,-10.0,37.0,0.00025000001187436277
305,0.010280131362378596,1.3073537349700928,0.005640000104904175,7.0256409645080575,16.0,-8.0,39.0,0.00025000001187436277
306,0.01056424155831337,1.303092360496521,0.0046399999409914025,6.216216087341309,14.0,-8.0,37.0,0.00025000001187436277
307,0.010593516752123831,1.2926347255706787,0.004100000020116568,5.368421077728272,17.0,-12.0,38.0,0.00025000001187436277
308,0.010507738217711449,1.2855916023254397,0.003280000062659383,4.628571510314941,12.0,-7.0,35.0,0.00025000001187436277
309,0.010766338557004929,1.2839410305023191,0.004939999897032976,6.675675868988037,17.0,-5.0,37.0,0.00025000001187436277
310,0.010830597952008249,1.2784479856491089,0.003980000037699939,5.351351261138916,15.0,-3.0,37.0,0.00025000001187436277
311,0.010700752958655356,1.2719407081604004,0.005659999791532755,7.4210524559021,17.0,-1.0,38.0,0.00025000001187436277
312,0.010207013227045536,1.269552230834961,0.0052999998442828655,6.736842155456543,16.0,-8.0,38.0,0.00025000001187436277
313,0.009875115938484669,1.280667066574097,0.004840000066906214,6.526315689086914,16.0,-7.0,38.0,0.00025000001187436277
314,0.01016618125140667,1.2914516925811768,0.0053400001488626,6.789473533630371,15.0,-6.0,38.0,0.00025000001187436277
315,0.010422630235552788,1.2882000207901,0.004100000020116568,5.447368621826172,13.0,-6.0,38.0,0.00025000001187436277
316,0.010470211505889893,1.2811180353164673,0.005419999826699495,7.270270347595215,17.0,-10.0,37.0,0.00025000001187436277
317,0.01091797649860382,1.2818663120269775,0.005319999996572733,6.846153736114503,16.0,-3.0,39.0,0.00025000001187436277
318,0.010113048367202282,1.289419174194336,0.005200000014156103,6.763157844543457,16.0,-11.0,38.0,0.00025000001187436277
319,0.010769958607852459,1.276856780052185,0.0043600001372396955,5.842105388641357,17.0,-7.0,38.0,0.00025000001187436277
320,0.010379299521446228,1.2647637128829956,0.006620000116527081,8.199999809265138,19.0,-2.0,40.0,0.00025000001187436277
321,0.010277762077748777,1.2645255327224731,0.0046999999321997174,6.25,14.0,-4.0,36.0,0.00025000001187436277
322,0.010569804348051548,1.2545698881149292,0.0049600000493228436,6.605263233184815,17.0,-6.0,38.0,0.00025000001187436277
323,0.010390900075435637,1.2560664415359497,0.005679999943822622,7.074999809265138,17.0,-7.0,40.0,0.00025000001187436277
324,0.010550178587436676,1.246299386024475,0.0035600000992417336,4.916666507720947,15.0,-12.0,36.0,0.00025000001187436277
325,0.010292907245457172,1.2317039966583252,0.004900000058114529,6.307692527770996,17.0,-5.0,39.0,0.00025000001187436277
326,0.010232831351459026,1.2224149703979492,0.004879999905824661,6.157894611358643,17.0,-7.0,38.0,0.00025000001187436277
327,0.01048137154430151,1.2222189903259275,0.005539999809116125,7.0256409645080575,16.0,-3.0,39.0,0.00025000001187436277
328,0.010707853361964226,1.2349741458892822,0.006440000142902136,7.875,17.0,-4.0,40.0,0.00025000001187436277
329,0.010618939995765686,1.252397894859314,0.0035200000274926424,4.8611111640930185,13.0,-5.0,36.0,0.00025000001187436277
330,0.010263846255838873,1.2522579431533811,0.0039400001987814895,5.3888888359069815,14.0,-6.0,36.0,0.00025000001187436277
331,0.010258402675390244,1.2352250814437866,0.0040799998678267,5.567567348480225,17.0,-10.0,37.0,0.00025000001187436277
332,0.010212221182882786,1.2337359189987185,0.004399999976158142,6.166666507720947,14.0,-5.0,36.0,0.00025000001187436277
333,0.010237826034426691,1.2274551391601562,0.00418000016361475,5.405405521392822,18.0,-9.0,37.0,0.00025000001187436277
334,0.010151267983019352,1.233559250831604,0.004679999779909849,6.216216087341309,17.0,-10.0,37.0,0.00025000001187436277
335,0.010300731286406515,1.2296347618103027,0.0053599998354911796,6.8947367668151855,16.0,-1.0,38.0,0.00025000001187436277
336,0.010414374992251396,1.2356330156326294,0.004660000093281269,6.0789475440979,15.0,-10.0,38.0,0.00025000001187436277
337,0.01042238250374794,1.251869559288025,0.0046399999409914025,5.846153736114503,18.0,-9.0,39.0,0.00025000001187436277
338,0.01011841744184494,1.2764132022857666,0.0053400001488626,7.052631378173827,13.0,-2.0,38.0,0.00025000001187436277
339,0.010375881567597391,1.2861617803573608,0.005280000157654285,7.081080913543701,17.0,-3.0,37.0,0.00025000001187436277
340,0.010268665850162506,1.3013743162155151,0.005799999926239252,7.763157844543457,15.0,-4.0,38.0,0.00025000001187436277
341,0.01120996940881014,1.290457010269165,0.00559999980032444,7.0,15.0,-6.0,38.0,0.00025000001187436277
342,0.011404060758650305,1.29194176197052,0.0066999997943639755,8.25,17.0,-5.0,40.0,0.00025000001187436277
343,0.011550959199666977,1.2894166707992554,0.0052999998442828655,6.625,16.0,-7.0,40.0,0.00025000001187436277
344,0.011175485327839851,1.3051081895828247,0.0035600000992417336,4.916666507720947,15.0,-9.0,36.0,0.00025000001187436277
345,0.010712289251387121,1.299451231956482,0.003980000037699939,5.685714244842528,15.0,-7.0,35.0,0.00025000001187436277
346,0.011382270604372023,1.3034708499908447,0.005619999952614307,7.179487228393555,16.0,-9.0,39.0,0.00025000001187436277
347,0.010937676765024662,1.2896581888198853,0.004679999779909849,6.07692289352417,16.0,-13.0,39.0,0.00025000001187436277
348,0.010761136189103128,1.287842035293579,0.00546000013127923,6.9743590354919425,18.0,-4.0,39.0,0.00025000001187436277
349,0.010525121353566648,1.2753911018371582,0.004459999967366457,6.054054260253906,17.0,-7.0,37.0,0.00025000001187436277
350,0.010964960791170595,1.2872110605239868,0.004679999779909849,6.051281929016112,17.0,-11.0,39.0,0.00025000001187436277
351,0.010761088691651821,1.2917791604995728,0.004139999859035015,5.384615421295166,17.0,-9.0,39.0,0.00025000001187436277
352,0.010839274153113363,1.2847493886947632,0.004800000227987765,6.378378391265869,16.0,-4.0,37.0,0.00025000001187436277
353,0.010942067950963974,1.2795456647872925,0.004939999897032976,6.175000190734862,16.0,-6.0,40.0,0.00025000001187436277
354,0.010823937132954596,1.2768547534942627,0.004259999841451645,5.972222328186035,15.0,-7.0,36.0,0.00025000001187436277
355,0.010719306766986849,1.2734971046447754,0.004879999905824661,6.3589744567871085,17.0,-6.0,39.0,0.00025000001187436277
356,0.010580948553979395,1.2731456756591797,0.005319999996572733,6.783783912658691,14.0,-1.0,37.0,0.00025000001187436277
357,0.010451407171785831,1.269856572151184,0.0053400001488626,6.846153736114503,18.0,-7.0,39.0,0.00025000001187436277
358,0.010543153621256351,1.2691898345947266,0.004100000020116568,5.45945930480957,17.0,-7.0,37.0,0.00025000001187436277
359,0.010409153066575529,1.2794209718704224,0.004579999949783087,5.897435665130615,19.0,-9.0,39.0,0.00025000001187436277
360,0.010581392794847487,1.28022563457489,0.005739999935030936,7.447368621826173,15.0,-5.0,38.0,0.00025000001187436277
361,0.010631280019879341,1.2730727195739746,0.0049600000493228436,6.435897350311278,18.0,-12.0,39.0,0.00025000001187436277
362,0.010242165997624396,1.2680090665817259,0.0059600002132356176,7.615384578704834,16.0,-1.0,39.0,0.00025000001187436277
363,0.010410184040665628,1.271847128868103,0.006060000043362379,7.789473533630371,14.0,-1.0,38.0,0.00025000001187436277
364,0.011000296100974085,1.3006843328475952,0.0039400001987814895,5.378378391265869,12.0,-6.0,37.0,0.00025000001187436277
365,0.010437751188874243,1.2941478490829468,0.0053599998354911796,6.897435665130615,16.0,-8.0,39.0,0.00025000001187436277
366,0.01040060259401798,1.3020060062408447,0.0052200001664459705,6.842105388641357,18.0,-5.0,38.0,0.00025000001187436277
367,0.010478382930159569,1.285364866256714,0.004939999897032976,6.432432651519775,17.0,-8.0,37.0,0.00025000001187436277
368,0.009941627271473408,1.272427320480347,0.005619999952614307,7.3947367668151855,18.0,-3.0,38.0,0.00025000001187436277
369,0.010136647149920464,1.2646275758743286,0.004860000219196081,6.342105388641357,15.0,-8.0,38.0,0.00025000001187436277
370,0.01042616181075573,1.2765073776245115,0.0052999998442828655,6.868421077728272,19.0,-3.0,38.0,0.00025000001187436277
371,0.010084670037031174,1.2884763479232788,0.005140000022947788,6.564102649688722,16.0,-12.0,39.0,0.00025000001187436277
372,0.009918942116200924,1.287911891937256,0.0049600000493228436,6.368421077728272,18.0,-11.0,38.0,0.00025000001187436277
373,0.010279227048158646,1.2915301322937012,0.00582000007852912,7.3589744567871085,17.0,-5.0,39.0,0.00025000001187436277
374,0.010232807137072086,1.3089735507965088,0.005900000222027303,7.282051086425781,14.0,-10.0,39.0,0.00025000001187436277
375,0.010046312585473059,1.3109679222106934,0.005379999987781048,6.897435665130615,14.0,-8.0,39.0,0.00025000001187436277
376,0.010107625275850296,1.3038004636764526,0.0052200001664459705,6.864864826202393,17.0,-8.0,37.0,0.00025000001187436277
377,0.010399053804576395,1.309350848197937,0.003500000108033419,4.777777671813965,15.0,-7.0,36.0,0.00025000001187436277
378,0.009997920133173466,1.3102332353591921,0.004920000210404396,6.282051086425781,15.0,-10.0,39.0,0.00025000001187436277
379,0.01017772313207388,1.3066202402114868,0.005020000040531158,6.864864826202393,17.0,-5.0,37.0,0.00025000001187436277
380,0.010192345827817915,1.2983604669570925,0.005840000230818987,7.729729652404785,17.0,-6.0,37.0,0.00025000001187436277
381,0.010089139454066752,1.3050243854522705,0.005439999978989364,7.1315789222717285,15.0,-4.0,38.0,0.00025000001187436277
382,0.009887571446597576,1.310230374336243,0.005200000014156103,6.972972869873048,17.0,-5.0,37.0,0.00025000001187436277
383,0.009955274872481823,1.311404824256897,0.005619999952614307,7.210526466369629,15.0,-3.0,38.0,0.00025000001187436277
384,0.00980715174227953,1.3153506517410278,0.0068199997767806044,8.461538314819336,17.0,-7.0,39.0,0.00025000001187436277
385,0.00978501047939062,1.3263661861419678,0.0045599997974932185,6.1621623039245605,14.0,-4.0,37.0,0.00025000001187436277
386,0.010315759107470512,1.3257241249084473,0.00431999983265996,5.6842103004455575,17.0,-13.0,38.0,0.00025000001187436277
387,0.010417362675070764,1.3245733976364136,0.005919999908655882,7.789473533630371,15.0,-3.0,38.0,0.00025000001187436277
388,0.010682016611099243,1.3236286640167236,0.00418000016361475,5.5,15.0,-9.0,38.0,0.00025000001187436277
389,0.010803544893860815,1.3100361824035645,0.004660000093281269,5.842105388641357,16.0,-5.0,38.0,0.00025000001187436277
390,0.010658117942512035,1.3054145574569702,0.004480000119656324,5.8947367668151855,15.0,-5.0,38.0,0.00025000001187436277
391,0.011004495434463024,1.305613994598389,0.004720000084489584,6.297297477722168,17.0,-11.0,37.0,0.00025000001187436277
392,0.010707319714128971,1.3027511835098269,0.004900000058114529,6.45945930480957,16.0,-5.0,37.0,0.00025000001187436277
393,0.010663594119250773,1.30981183052063,0.004840000066906214,6.1842103004455575,16.0,-6.0,38.0,0.00025000001187436277
394,0.010442368686199188,1.302478313446045,0.0042200000025331965,5.594594478607178,16.0,-14.0,37.0,0.00025000001187436277
395,0.01016547903418541,1.2978354692459106,0.004100000020116568,5.621621608734131,17.0,-10.0,37.0,0.00025000001187436277
396,0.010256613604724407,1.3029345273971558,0.005419999826699495,7.210526466369629,16.0,-7.0,38.0,0.00025000001187436277
397,0.01022825576364994,1.2857249975204468,0.004100000020116568,5.3947367668151855,18.0,-15.0,38.0,0.00025000001187436277
398,0.010159987024962902,1.2880772352218628,0.00443999981507659,6.111111164093018,14.0,-6.0,36.0,0.00025000001187436277
399,0.01031386386603117,1.285509705543518,0.004819999914616346,6.179487228393555,17.0,-8.0,39.0,0.00025000001187436277
400,0.010228553786873816,1.2885463237762451,0.0049600000493228436,7.027777671813965,18.0,-4.0,36.0,0.00025000001187436277
401,0.01041175052523613,1.294296145439148,0.004459999967366457,5.842105388641357,16.0,-11.0,38.0,0.00025000001187436277
402,0.010662040673196316,1.3054540157318115,0.0046999999321997174,6.30555534362793,15.0,-6.0,36.0,0.00025000001187436277
403,0.010617519728839396,1.29623281955719,0.0051600001752376565,6.6842103004455575,18.0,-7.0,38.0,0.00025000001187436277
404,0.0104692280292511,1.2883355617523191,0.004579999949783087,6.527777671813965,15.0,-6.0,36.0,0.00025000001187436277
405,0.01052355207502842,1.2823188304901123,0.005840000230818987,7.3589744567871085,17.0,-8.0,39.0,0.00025000001187436277
406,0.010235979221761228,1.2961517572402954,0.005739999935030936,7.307692527770996,18.0,-5.0,39.0,0.00025000001187436277
407,0.010044451802968979,1.3027361631393433,0.005020000040531158,6.5789475440979,15.0,-6.0,38.0,0.00025000001187436277
408,0.010191663168370724,1.304379105567932,0.004540000110864639,6.054054260253906,17.0,-5.0,37.0,0.00025000001187436277
409,0.010411467403173448,1.3011760711669922,0.0050800000317394725,6.736842155456543,17.0,-6.0,38.0,0.00025000001187436277
410,0.010428265668451786,1.3048555850982666,0.0060200002044439324,7.692307472229004,17.0,-4.0,39.0,0.00025000001187436277
411,0.010495699942111969,1.303932547569275,0.0046999999321997174,5.846153736114503,16.0,-9.0,39.0,0.00025000001187436277
412,0.010507876053452492,1.302333116531372,0.0037599999923259024,5.216216087341309,14.0,-5.0,37.0,0.00025000001187436277
413,0.010127512738108637,1.3004653453826904,0.0054999999701976785,7.051281929016112,14.0,-9.0,39.0,0.00025000001187436277
414,0.010590756312012672,1.300970435142517,0.005439999978989364,7.052631378173827,17.0,-8.0,38.0,0.00025000001187436277
415,0.0102504538372159,1.301376223564148,0.005239999853074551,6.8947367668151855,17.0,-13.0,38.0,0.00025000001187436277
416,0.010335301980376244,1.3142211437225342,0.004939999897032976,6.3157896995544425,15.0,-10.0,38.0,0.00025000001187436277
417,0.010635563172399998,1.3188680410385132,0.005200000014156103,6.83783769607544,17.0,-7.0,37.0,0.00025000001187436277
418,0.010545592755079271,1.3350828886032104,0.005059999879449606,6.605263233184815,15.0,-3.0,38.0,0.00025000001187436277
419,0.009924300014972687,1.327987790107727,0.0052200001664459705,6.763157844543457,17.0,-4.0,38.0,0.00025000001187436277
420,0.010486971586942673,1.337095856666565,0.0044999998062849045,5.8947367668151855,17.0,-7.0,38.0,0.00025000001187436277
421,0.010291961953043938,1.3429803848266602,0.004720000084489584,6.243243217468263,16.0,-7.0,37.0,0.00025000001187436277
422,0.010404743254184723,1.3484828472137451,0.0034600000362843275,4.729729652404785,13.0,-8.0,37.0,0.00025000001187436277
423,0.010363739915192129,1.3414791822433472,0.004879999905824661,6.55555534362793,15.0,-5.0,36.0,0.00025000001187436277
424,0.010455613024532795,1.3407477140426636,0.0053400001488626,6.897435665130615,17.0,-9.0,39.0,0.00025000001187436277
425,0.01060650497674942,1.3542214632034302,0.0046999999321997174,6.0789475440979,17.0,-6.0,38.0,0.00025000001187436277
426,0.010413095355033876,1.354731202125549,0.004939999897032976,6.405405521392822,12.0,-4.0,37.0,0.00025000001187436277
427,0.010274611413478851,1.352068305015564,0.0059600002132356176,7.6410255432128915,18.0,-3.0,39.0,0.00025000001187436277
428,0.010270220227539541,1.3481776714324951,0.00431999983265996,5.8108110427856445,16.0,-9.0,37.0,0.00025000001187436277
429,0.010055162012577057,1.344354271888733,0.004019999876618385,5.722222328186035,17.0,-8.0,36.0,0.00025000001187436277
430,0.00972654204815626,1.3356764316558838,0.006039999891072512,7.6842103004455575,18.0,0.0,38.0,0.00025000001187436277
431,0.010031012818217278,1.3391541242599487,0.005400000140070915,7.0,16.0,-7.0,39.0,0.00025000001187436277
432,0.010777543298900127,1.33820378780365,0.003500000108033419,4.605263233184815,16.0,-10.0,38.0,0.00025000001187436277
433,0.010449187830090523,1.3466510772705078,0.0053599998354911796,6.8947367668151855,15.0,-6.0,38.0,0.00025000001187436277
434,0.010367876850068571,1.3463430404663086,0.00570000009611249,7.157894611358643,16.0,-6.0,38.0,0.00025000001187436277
435,0.010484442114830015,1.3522534370422363,0.00626000016927719,7.92307710647583,17.0,-2.0,39.0,0.00025000001187436277
436,0.010446674190461636,1.346989393234253,0.004480000119656324,6.081080913543701,16.0,-13.0,37.0,0.00025000001187436277
437,0.010149315930902958,1.3536866903305054,0.0052200001664459705,7.083333492279053,17.0,-4.0,36.0,0.00025000001187436277
438,0.010060225613415241,1.347061038017273,0.0053400001488626,7.105263233184815,16.0,-3.0,38.0,0.00025000001187436277
439,0.010058636777102949,1.3423622846603394,0.004339999984949827,5.702702522277832,14.0,-13.0,37.0,0.00025000001187436277
440,0.010427244007587431,1.35101056098938,0.005119999870657921,6.783783912658691,15.0,-3.0,37.0,0.00025000001187436277
441,0.010203287936747074,1.3426260948181152,0.004019999876618385,5.638888835906982,13.0,-4.0,36.0,0.00025000001187436277
442,0.010041243396699429,1.346283197402954,0.005619999952614307,7.432432651519775,16.0,-5.0,37.0,0.00025000001187436277
443,0.010374330915510654,1.3561910390853882,0.004519999958574772,5.736842155456543,15.0,-9.0,38.0,0.00025000001187436277
444,0.010883016511797905,1.3527472019195557,0.0051600001752376565,6.657894611358643,17.0,-5.0,38.0,0.00025000001187436277
445,0.010416281409561634,1.356738567352295,0.0059600002132356176,7.736842155456543,18.0,-7.0,38.0,0.00025000001187436277
446,0.009699692018330095,1.3562841415405271,0.005739999935030936,7.594594478607178,15.0,-6.0,37.0,0.00025000001187436277
447,0.010095514357089995,1.3439754247665403,0.0032999999821186066,4.8611111640930185,16.0,-15.0,36.0,0.00025000001187436277
448,0.010510608553886414,1.340521216392517,0.0044200001284480095,5.94444465637207,18.0,-6.0,36.0,0.00025000001187436277
449,0.010231874883174895,1.3428019285202026,0.0041600000113248825,5.648648738861084,17.0,-10.0,37.0,0.00025000001187436277
450,0.010383875109255314,1.3265681266784668,0.00546000013127923,7.026315689086914,16.0,-9.0,38.0,0.00025000001187436277
451,0.010399141348898409,1.3207437992095947,0.00431999983265996,5.80555534362793,14.0,-3.0,36.0,0.00025000001187436277
452,0.010558076202869415,1.3307149410247805,0.004900000058114529,6.342105388641357,15.0,-10.0,38.0,0.00025000001187436277
453,0.010436493903398514,1.3254121541976929,0.004519999958574772,6.0,15.0,-5.0,38.0,0.00025000001187436277
454,0.010200856253504751,1.3158059120178225,0.0038399999029934406,5.277777671813965,14.0,-6.0,36.0,0.00025000001187436277
455,0.009807892143726349,1.3098633289337158,0.004259999841451645,5.638888835906982,14.0,-7.0,36.0,0.00025000001187436277
456,0.010360068641602993,1.3086018562316897,0.004780000075697899,6.324324131011963,16.0,-4.0,37.0,0.00025000001187436277
457,0.010378892533481121,1.3077369928359983,0.00443999981507659,6.189188957214356,17.0,-5.0,37.0,0.00025000001187436277
458,0.010578581131994724,1.3073647022247314,0.005400000140070915,6.948718070983888,18.0,-11.0,39.0,0.00025000001187436277
459,0.010326063260436058,1.3151068687438965,0.005919999908655882,7.8157896995544425,17.0,-4.0,38.0,0.00025000001187436277
460,0.010152340866625307,1.3184703588485718,0.005559999961405993,7.157894611358643,16.0,-1.0,38.0,0.00025000001187436277
461,0.010299509391188622,1.3298119306564329,0.005319999996572733,7.027027130126952,14.0,-1.0,37.0,0.00025000001187436277
462,0.01042983029037714,1.336669683456421,0.005739999935030936,7.621621608734131,17.0,-5.0,37.0,0.00025000001187436277
463,0.01058604009449482,1.3515830039978027,0.005619999952614307,6.8499999046325675,16.0,-9.0,40.0,0.00025000001187436277
464,0.009990828111767769,1.3650362491607666,0.00558000011369586,7.179487228393555,18.0,-5.0,39.0,0.00025000001187436277
465,0.00990217551589012,1.3674606084823608,0.0052200001664459705,7.0,16.0,-2.0,37.0,0.00025000001187436277
466,0.009992117993533613,1.366857647895813,0.005559999961405993,7.216216087341309,13.0,-1.0,37.0,0.00025000001187436277
467,0.010407872498035431,1.357055902481079,0.00546000013127923,7.051281929016112,19.0,-7.0,39.0,0.00025000001187436277
468,0.010587794706225395,1.350817322731018,0.004800000227987765,6.45945930480957,15.0,-6.0,37.0,0.00025000001187436277
469,0.01054867636412382,1.3474137783050537,0.004860000219196081,6.074999809265138,17.0,-12.0,40.0,0.00025000001187436277
470,0.0109992865473032,1.3607772588729858,0.00431999983265996,5.648648738861084,16.0,-6.0,37.0,0.00025000001187436277
471,0.011052515357732771,1.371369481086731,0.005679999943822622,7.4210524559021,19.0,-2.0,38.0,0.00025000001187436277
472,0.010644075460731985,1.3787672519683838,0.005239999853074551,7.222222328186035,15.0,-10.0,36.0,0.00025000001187436277
473,0.010490099899470806,1.3833684921264648,0.00558000011369586,7.236842155456543,18.0,-8.0,38.0,0.00025000001187436277
474,0.010455566458404064,1.3817963600158691,0.0045599997974932185,6.222222328186035,15.0,-3.0,36.0,0.00025000001187436277
475,0.010028424672782421,1.372373104095459,0.005040000192821026,6.605263233184815,17.0,-9.0,38.0,0.00025000001187436277
476,0.010264522396028042,1.3726176023483276,0.0046999999321997174,6.027027130126952,15.0,-2.0,37.0,0.00025000001187436277
477,0.010155693627893923,1.3765583038330078,0.005640000104904175,6.925000190734862,17.0,-10.0,40.0,0.00025000001187436277
478,0.010648660361766815,1.3632978200912476,0.0060999998822808274,7.947368621826173,16.0,-3.0,38.0,0.00025000001187436277
479,0.010430422611534595,1.3542850017547607,0.0060200002044439324,7.615384578704834,16.0,-2.0,39.0,0.00025000001187436277
480,0.010783396661281586,1.377843737602234,0.006339999847114086,7.92307710647583,16.0,0.0,39.0,0.00025000001187436277
481,0.010659988038241863,1.388452172279358,0.004980000201612711,6.5,17.0,-6.0,38.0,0.00025000001187436277
482,0.010177779011428356,1.405515193939209,0.006000000052154064,7.6410255432128915,17.0,-7.0,39.0,0.00025000001187436277
483,0.010543126612901688,1.412639856338501,0.006459999829530716,8.179487228393555,18.0,-7.0,39.0,0.00025000001187436277
484,0.010434210300445557,1.4267140626907349,0.004879999905824661,6.4210524559021,17.0,-10.0,38.0,0.00025000001187436277
485,0.010554849170148373,1.4082198143005369,0.004139999859035015,5.6111111640930185,15.0,-6.0,36.0,0.00025000001187436277
486,0.010707941837608814,1.398881196975708,0.00559999980032444,7.289473533630371,17.0,-1.0,38.0,0.00025000001187436277
487,0.010225504636764526,1.3813931941986084,0.004840000066906214,6.666666507720947,17.0,-11.0,36.0,0.00025000001187436277
488,0.01086699403822422,1.3722306489944458,0.005559999961405993,6.9749999046325675,16.0,-9.0,40.0,0.00025000001187436277
489,0.010783251374959946,1.381176233291626,0.006300000008195639,8.0,16.0,-10.0,39.0,0.00025000001187436277
490,0.010582580231130123,1.3740476369857788,0.004860000219196081,6.447368621826173,15.0,-7.0,38.0,0.00025000001187436277
491,0.010652839206159115,1.3690282106399536,0.006560000125318766,8.25,16.0,-7.0,40.0,0.00025000001187436277
492,0.010520606301724909,1.387827754020691,0.004759999923408032,5.945945739746094,17.0,-9.0,37.0,0.00025000001187436277
493,0.010269325226545334,1.390638828277588,0.005840000230818987,7.589743614196777,18.0,-3.0,39.0,0.00025000001187436277
494,0.010491814464330671,1.383644700050354,0.004519999958574772,6.361111164093018,15.0,-3.0,36.0,0.00025000001187436277
495,0.010272519662976263,1.389022707939148,0.006039999891072512,7.8947367668151855,18.0,-5.0,38.0,0.00025000001187436277
496,0.010608748532831669,1.3996665477752686,0.0059600002132356176,7.589743614196777,17.0,-4.0,39.0,0.00025000001187436277
497,0.009449907578527927,1.4010347127914429,0.006140000186860561,7.846153736114503,16.0,-12.0,39.0,0.00025000001187436277
498,0.009774978272616863,1.3936147689819336,0.0054999999701976785,7.128205299377441,16.0,-11.0,39.0,0.00025000001187436277
499,0.009857687167823316,1.3983820676803589,0.005100000184029341,6.729729652404785,16.0,-4.0,37.0,0.00025000001187436277
500,0.009997740387916563,1.3982325792312622,0.004600000102072954,6.222222328186035,15.0,0.0,36.0,0.00025000001187436277
501,0.010501389391720295,1.402890920639038,0.004259999841451645,5.675675868988037,14.0,-4.0,37.0,0.00025000001187436277
502,0.010409979149699213,1.402725338935852,0.005640000104904175,7.282051086425781,14.0,-11.0,39.0,0.00025000001187436277
503,0.009882361628115177,1.397564172744751,0.004980000201612711,6.621621608734131,15.0,-5.0,37.0,0.00025000001187436277
504,0.00998019427061081,1.3871362209320068,0.004679999779909849,5.947368621826173,16.0,-14.0,38.0,0.00025000001187436277
505,0.01011837087571621,1.374318242073059,0.004900000058114529,6.282051086425781,16.0,-12.0,39.0,0.00025000001187436277
506,0.010088921524584292,1.363060712814331,0.005200000014156103,6.83783769607544,16.0,-8.0,37.0,0.00025000001187436277
507,0.010045105591416359,1.3671607971191406,0.005559999961405993,7.289473533630371,19.0,-9.0,38.0,0.00025000001187436277
508,0.01018234435468912,1.3593003749847412,0.005719999782741071,7.526315689086914,17.0,-1.0,38.0,0.00025000001187436277
509,0.010210360400378704,1.3495564460754397,0.006279999855905771,8.157895088195799,17.0,0.0,38.0,0.00025000001187436277
510,0.01005684956908226,1.348868727684021,0.005200000014156103,6.864864826202393,17.0,-5.0,37.0,0.00025000001187436277
511,0.010223791934549809,1.3411660194396973,0.004920000210404396,6.621621608734131,15.0,-16.0,37.0,0.00025000001187436277
512,0.010544356890022756,1.3407437801361084,0.005679999943822622,7.594594478607178,17.0,-6.0,37.0,0.00025000001187436277
513,0.010397098958492279,1.3436204195022583,0.006120000034570694,7.763157844543457,19.0,-4.0,38.0,0.00025000001187436277
514,0.010102523490786552,1.343671441078186,0.006320000160485506,8.052631378173826,17.0,-4.0,38.0,0.00025000001187436277
515,0.00997693557292223,1.3401894569396973,0.0038999998942017564,5.083333492279053,15.0,-9.0,36.0,0.00025000001187436277
516,0.010420414619147778,1.345896601676941,0.004579999949783087,6.1621623039245605,16.0,-7.0,37.0,0.00025000001187436277
517,0.010510843247175215,1.3426476716995241,0.004720000084489584,6.297297477722168,14.0,-5.0,37.0,0.00025000001187436277
518,0.010494141839444636,1.3564740419387815,0.005919999908655882,7.487179279327393,18.0,-3.0,39.0,0.00025000001187436277
519,0.010865318588912487,1.3515832424163818,0.005040000192821026,6.783783912658691,18.0,-5.0,37.0,0.00025000001187436277
520,0.010722813196480274,1.3594303131103516,0.0052200001664459705,6.657894611358643,15.0,-6.0,38.0,0.00025000001187436277
521,0.010649228468537329,1.359743356704712,0.005119999870657921,6.5135135650634775,16.0,-7.0,37.0,0.00025000001187436277
522,0.010555833578109741,1.3694461584091189,0.004800000227987765,6.44444465637207,14.0,1.0,36.0,0.00025000001187436277
523,0.010522286407649515,1.364067792892456,0.005200000014156103,6.702702522277832,19.0,-7.0,37.0,0.00025000001187436277
524,0.00984197948127985,1.353330135345459,0.0066999997943639755,8.375,18.0,-4.0,40.0,0.00025000001187436277
525,0.010058519430458546,1.3508172035217283,0.004920000210404396,6.289473533630371,17.0,-11.0,38.0,0.00025000001187436277
526,0.010241261683404446,1.3490335941314695,0.006140000186860561,8.025641441345215,17.0,-2.0,39.0,0.00025000001187436277
527,0.010409962385892868,1.3429142236709597,0.0057799997739493856,7.3589744567871085,19.0,-5.0,39.0,0.00025000001187436277
528,0.00992062222212553,1.3401530981063845,0.005439999978989364,7.1315789222717285,13.0,-6.0,38.0,0.00025000001187436277
529,0.009735642932355404,1.3397643566131592,0.006599999964237213,8.274999618530272,16.0,-5.0,40.0,0.00025000001187436277
530,0.009996034204959871,1.3346457481384275,0.0064199999906122684,8.394737243652344,19.0,0.0,38.0,0.00025000001187436277
531,0.010305784642696379,1.3446688652038574,0.0059600002132356176,7.868421077728271,18.0,-3.0,38.0,0.00025000001187436277
532,0.010254664346575735,1.3461380004882812,0.006519999820739031,8.342104911804201,16.0,-2.0,38.0,0.00025000001187436277
533,0.010139579884707928,1.3507133722305298,0.005539999809116125,7.3157896995544425,14.0,-4.0,38.0,0.00025000001187436277
534,0.010015818290412426,1.3509132862091064,0.006639999803155661,8.605262756347656,17.0,2.0,38.0,0.00025000001187436277
535,0.00968340877443552,1.34807550907135,0.0043600001372396955,5.891891956329347,15.0,-11.0,37.0,0.00025000001187436277
536,0.01001572422683239,1.348513960838318,0.004399999976158142,5.564102649688722,16.0,-6.0,39.0,0.00025000001187436277
537,0.010221108794212341,1.3493272066116333,0.005640000104904175,7.210526466369629,18.0,-6.0,38.0,0.00025000001187436277
538,0.010032099671661856,1.3491584062576294,0.006380000151693821,7.846153736114503,17.0,-6.0,39.0,0.00025000001187436277
539,0.010169317945837976,1.3528791666030884,0.0057799997739493856,7.729729652404785,15.0,0.0,37.0,0.00025000001187436277
540,0.010150840505957605,1.3624727725982666,0.0060200002044439324,7.6410255432128915,14.0,-9.0,39.0,0.00025000001187436277
541,0.010242264717817308,1.36450457572937,0.0053400001488626,7.5135135650634775,17.0,-2.0,37.0,0.00025000001187436277
542,0.00983006414026022,1.3663750886917114,0.0054999999701976785,7.0256409645080575,17.0,-3.0,39.0,0.00025000001187436277
543,0.009713699109852314,1.3686481714248655,0.005940000060945749,8.0,16.0,-2.0,36.0,0.00025000001187436277
544,0.010054295882582664,1.3555241823196411,0.007799999788403511,9.699999809265137,18.0,0.0,40.0,0.00025000001187436277
545,0.010045025497674942,1.3604851961135864,0.0036400000099092718,5.083333492279053,16.0,-8.0,36.0,0.00025000001187436277
546,0.009974755346775057,1.3419305086135864,0.005059999879449606,6.918919086456299,16.0,-6.0,37.0,0.00025000001187436277
547,0.010496459901332857,1.3415415287017822,0.0046999999321997174,6.052631378173827,14.0,-7.0,38.0,0.00025000001187436277
548,0.00989546999335289,1.3352590799331665,0.004900000058114529,6.567567348480225,13.0,-7.0,37.0,0.00025000001187436277
549,0.00989316776394844,1.338250756263733,0.005900000222027303,7.564102649688722,16.0,-4.0,39.0,0.00025000001187436277
550,0.01004728302359581,1.3384546041488647,0.005799999926239252,7.552631378173827,16.0,-4.0,38.0,0.00025000001187436277
551,0.009945970959961414,1.3424419164657593,0.006000000052154064,7.842105388641357,17.0,-8.0,38.0,0.00025000001187436277
552,0.009680641815066338,1.3512470722198486,0.006120000034570694,7.8157896995544425,18.0,-6.0,38.0,0.00025000001187436277
553,0.010624651797115804,1.3496609926223757,0.005940000060945749,7.6410255432128915,16.0,0.0,39.0,0.00025000001187436277
554,0.010327146388590336,1.3465967178344729,0.004339999984949827,5.80555534362793,16.0,-1.0,36.0,0.00025000001187436277
555,0.010162579827010632,1.3438777923583984,0.005799999926239252,7.6052632331848145,15.0,-3.0,38.0,0.00025000001187436277
556,0.010337775573134422,1.350342869758606,0.00618000002577901,7.9743590354919425,15.0,-3.0,39.0,0.00025000001187436277
557,0.010312022641301157,1.350218653678894,0.00626000016927719,7.717948913574219,17.0,-4.0,39.0,0.00025000001187436277
558,0.009928202256560327,1.3402440547943115,0.003359999973326921,4.714285850524902,13.0,-6.0,35.0,0.00025000001187436277
559,0.009834811091423036,1.3345986604690552,0.0052999998442828655,6.947368621826173,17.0,-7.0,38.0,0.00025000001187436277
560,0.010213060304522514,1.3220316171646118,0.004040000028908253,5.405405521392822,15.0,-5.0,37.0,0.00025000001187436277
561,0.010193983092904093,1.3105127811431885,0.005539999809116125,7.3157896995544425,15.0,-3.0,38.0,0.00025000001187436277
562,0.010043947957456112,1.3109339475631714,0.00582000007852912,7.864864826202393,16.0,-1.0,37.0,0.00025000001187436277
563,0.010158500634133816,1.3226714134216309,0.004980000201612711,6.5,17.0,-4.0,38.0,0.00025000001187436277
564,0.010395712219178677,1.321317195892334,0.005619999952614307,7.157894611358643,14.0,-5.0,38.0,0.00025000001187436277
565,0.010131378658115864,1.317610502243042,0.005059999879449606,6.552631378173827,15.0,-3.0,38.0,0.00025000001187436277
566,0.010377808474004269,1.3245595693588257,0.004399999976158142,6.19444465637207,17.0,-4.0,36.0,0.00025000001187436277
567,0.010463315062224863,1.3245246410369873,0.00559999980032444,7.189188957214356,16.0,-9.0,37.0,0.00025000001187436277
568,0.00983335357159376,1.317188382148743,0.006300000008195639,8.025641441345215,17.0,-4.0,39.0,0.00025000001187436277
569,0.009822514839470388,1.322519302368164,0.0070000002160668364,8.725000381469728,18.0,-3.0,40.0,0.00025000001187436277
570,0.009865136817097664,1.327163577079773,0.006200000178068875,8.184210777282715,16.0,-3.0,38.0,0.00025000001187436277
571,0.009702441282570362,1.3299297094345093,0.006300000008195639,8.432432174682617,18.0,-1.0,37.0,0.00025000001187436277
572,0.009971801191568376,1.3242918252944946,0.0053599998354911796,6.9210524559021,18.0,-4.0,38.0,0.00025000001187436277
573,0.010060334578156471,1.332360029220581,0.005260000005364418,6.621621608734131,17.0,-4.0,37.0,0.00025000001187436277
574,0.009518411010503769,1.343409776687622,0.00582000007852912,7.125,18.0,-7.0,40.0,0.00025000001187436277
575,0.009585808962583542,1.3448675870895386,0.0053400001488626,7.189188957214356,17.0,-2.0,37.0,0.00025000001187436277
576,0.010154178366065024,1.340807318687439,0.004939999897032976,6.5,16.0,-2.0,38.0,0.00025000001187436277
577,0.010092834010720251,1.3360923528671265,0.005919999908655882,7.589743614196777,18.0,-5.0,39.0,0.00025000001187436277
578,0.010082661174237728,1.3393608331680298,0.006159999873489142,8.026315689086914,20.0,-3.0,38.0,0.00025000001187436277
579,0.010102655738592148,1.349450707435608,0.00570000009611249,7.125,18.0,-12.0,40.0,0.00025000001187436277
580,0.010859159752726557,1.355198621749878,0.006120000034570694,7.439024448394775,16.0,-8.0,41.0,0.00025000001187436277
581,0.010912283323705195,1.362686038017273,0.00626000016927719,8.105262756347656,17.0,-13.0,38.0,0.00025000001187436277
582,0.010748451575636864,1.3670464754104614,0.005280000157654285,6.736842155456543,15.0,-8.0,38.0,0.00025000001187436277
583,0.010366880334913729,1.3706035614013672,0.006500000134110451,7.92682933807373,15.0,-4.0,41.0,0.00025000001187436277
584,0.010309389792382715,1.3714357614517212,0.006219999864697456,7.948718070983888,18.0,-7.0,39.0,0.00025000001187436277
585,0.010836726985871792,1.3746975660324097,0.0057799997739493856,7.6052632331848145,20.0,-6.0,38.0,0.00025000001187436277
586,0.01055112574249506,1.3760595321655271,0.00395999988541007,5.1578946113586435,16.0,-8.0,38.0,0.00025000001187436277
587,0.010656274855136871,1.3623331785202026,0.004660000093281269,6.270270347595215,15.0,-8.0,37.0,0.00025000001187436277
588,0.010212049819529057,1.3545175790786743,0.00558000011369586,7.472222328186035,16.0,-1.0,36.0,0.00025000001187436277
589,0.010229362174868584,1.346379041671753,0.006039999891072512,7.8947367668151855,17.0,-3.0,38.0,0.00025000001187436277
590,0.01010182686150074,1.3304039239883425,0.006539999973028897,8.051281929016112,16.0,-4.0,39.0,0.00025000001187436277
591,0.01018780004233122,1.3299497365951538,0.0043600001372396955,5.702702522277832,17.0,-14.0,37.0,0.00025000001187436277
592,0.0099450396373868,1.3154451847076416,0.005619999952614307,7.0250000953674325,15.0,-6.0,40.0,0.00025000001187436277
593,0.01005801558494568,1.3116085529327393,0.005020000040531158,6.783783912658691,17.0,-2.0,37.0,0.00025000001187436277
594,0.010037259198725224,1.305408000946045,0.006320000160485506,8.15384578704834,18.0,-2.0,39.0,0.00025000001187436277
595,0.009951128624379637,1.290595293045044,0.0045599997974932185,6.416666507720947,16.0,-6.0,36.0,0.00025000001187436277
596,0.010552269406616688,1.2854127883911133,0.004379999823868275,5.94444465637207,15.0,-7.0,36.0,0.00025000001187436277
597,0.010104813612997532,1.2926703691482544,0.0031200000084936623,4.5714287757873535,17.0,-6.0,35.0,0.00025000001187436277
598,0.010218791663646698,1.2914695739746094,0.006000000052154064,7.736842155456543,18.0,-5.0,38.0,0.00025000001187436277
599,0.010296388529241085,1.2867825031280518,0.0051600001752376565,6.756756782531737,16.0,-9.0,37.0,0.00025000001187436277
600,0.010347017087042332,1.280836820602417,0.004139999859035015,5.722222328186035,13.0,-4.0,36.0,0.00025000001187436277
601,0.010393373668193815,1.284487247467041,0.006159999873489142,8.297297477722168,16.0,0.0,37.0,0.00025000001187436277
602,0.009628663770854471,1.2850549221038818,0.0051600001752376565,6.657894611358643,15.0,-10.0,38.0,0.00025000001187436277
603,0.010251234285533428,1.2882858514785769,0.005400000140070915,7.527777671813965,15.0,0.0,36.0,0.00025000001187436277
604,0.010315600782632828,1.2935341596603394,0.0037400000728666782,5.411764621734619,16.0,-7.0,34.0,0.00025000001187436277
605,0.009988890960812569,1.2994240522384644,0.005319999996572733,7.333333492279053,17.0,-2.0,36.0,0.00025000001187436277
606,0.009884089231491087,1.2951964139938354,0.005280000157654285,7.297297477722168,17.0,-5.0,37.0,0.00025000001187436277
607,0.010103714652359486,1.290729522705078,0.005719999782741071,7.552631378173827,18.0,-3.0,38.0,0.00025000001187436277
608,0.010252499952912329,1.2989474534988403,0.005119999870657921,6.861111164093018,14.0,-1.0,36.0,0.00025000001187436277
609,0.010359012521803379,1.3159316778182983,0.004900000058114529,6.5,16.0,-6.0,38.0,0.00025000001187436277
610,0.009993679821491241,1.3168982267379759,0.00558000011369586,7.621621608734131,16.0,-9.0,37.0,0.00025000001187436277
611,0.010072866454720495,1.316196084022522,0.004860000219196081,6.69444465637207,16.0,-4.0,36.0,0.00025000001187436277
612,0.009633590467274187,1.3246954679489136,0.004920000210404396,6.342105388641357,16.0,-6.0,38.0,0.00025000001187436277
613,0.009878592565655708,1.3316349983215332,0.005940000060945749,7.8108110427856445,16.0,-4.0,37.0,0.00025000001187436277
614,0.010318717919290066,1.3278944492340088,0.0057799997739493856,7.447368621826173,17.0,-3.0,38.0,0.00025000001187436277
615,0.010191407985985279,1.3330483436584473,0.004579999949783087,6.027027130126952,14.0,-9.0,37.0,0.00025000001187436277
616,0.01050543412566185,1.329807996749878,0.0050800000317394725,6.8108110427856445,15.0,-7.0,37.0,0.00025000001187436277
617,0.010569331236183643,1.3329553604125977,0.005619999952614307,7.205128192901611,16.0,-7.0,39.0,0.00025000001187436277
618,0.010290686041116714,1.3358755111694336,0.0052999998442828655,7.166666507720947,15.0,-3.0,36.0,0.00025000001187436277
619,0.010059201158583164,1.334126114845276,0.00570000009611249,7.3947367668151855,15.0,-3.0,38.0,0.00025000001187436277
620,0.010112062096595764,1.3335026502609253,0.004759999923408032,6.361111164093018,19.0,-3.0,36.0,0.00025000001187436277
621,0.010036177933216095,1.3319576978683472,0.0057799997739493856,7.368421077728271,17.0,-4.0,38.0,0.00025000001187436277
622,0.009795286692678928,1.334330439567566,0.0046399999409914025,6.108108043670653,18.0,-7.0,37.0,0.00025000001187436277
623,0.010069801472127438,1.324127435684204,0.003980000037699939,5.527777671813965,17.0,-11.0,36.0,0.00025000001187436277
624,0.010055337101221085,1.3278298377990725,0.004999999888241291,6.756756782531737,16.0,-7.0,37.0,0.00025000001187436277
625,0.010349934920668602,1.3314348459243774,0.0072200000286102295,8.829268455505371,18.0,-5.0,41.0,0.00025000001187436277
626,0.00978807918727398,1.3431234359741209,0.004800000227987765,6.30555534362793,14.0,-7.0,36.0,0.00025000001187436277
627,0.010041714645922184,1.3480474948883057,0.005280000157654285,6.5,17.0,-6.0,40.0,0.00025000001187436277
628,0.0100050400942564,1.3456755876541138,0.0064799999818205825,8.307692527770996,19.0,-2.0,39.0,0.00025000001187436277
629,0.010151109658181669,1.3468683958053589,0.005379999987781048,7.378378391265869,14.0,-4.0,37.0,0.00025000001187436277
630,0.010139047168195248,1.3330221176147459,0.005059999879449606,6.83783769607544,16.0,-8.0,37.0,0.00025000001187436277
631,0.010279997251927851,1.319489359855652,0.004939999897032976,6.666666507720947,16.0,-9.0,36.0,0.00025000001187436277
632,0.010241007432341577,1.3154377937316897,0.0046999999321997174,6.243243217468263,15.0,-6.0,37.0,0.00025000001187436277
633,0.010192702524363995,1.310160994529724,0.005539999809116125,7.351351261138916,17.0,-6.0,37.0,0.00025000001187436277
634,0.010020538233220577,1.2984278202056885,0.005659999791532755,7.648648738861084,16.0,-2.0,37.0,0.00025000001187436277
635,0.010318852961063385,1.306098461151123,0.005140000022947788,7.166666507720947,18.0,-4.0,36.0,0.00025000001187436277
636,0.010255292057991028,1.3094360828399658,0.0068999999202787885,8.615385055541992,14.0,-1.0,39.0,0.00025000001187436277
637,0.00998458731919527,1.322439432144165,0.005100000184029341,6.83783769607544,17.0,-9.0,37.0,0.00025000001187436277
638,0.009709113277494907,1.3121203184127808,0.0040799998678267,5.599999904632568,15.0,-7.0,35.0,0.00025000001187436277
639,0.009711992926895618,1.3030186891555786,0.004939999897032976,6.552631378173827,14.0,-3.0,38.0,0.00025000001187436277
